Customer ID,Recency,Frequency,Monetary,TotalQuantity,UniqueProducts,AverageOrderValue
12346.0,165,11,372.86,70,26,33.89636363636364
12347.0,3,2,1323.32,828,70,661.66
12348.0,74,1,222.16,373,20,222.16
12349.0,43,3,2671.14,993,90,890.38
12351.0,11,1,300.93,261,21,300.93
12352.0,11,2,343.8,188,18,171.9
12353.0,44,1,317.76,192,20,317.76
12355.0,203,1,488.21000000000004,303,22,488.21000000000004
12356.0,16,3,3560.3,1825,68,1186.7666666666667
12357.0,24,2,12079.99,3879,165,6039.995
12358.0,11,3,2719.01,831,52,906.3366666666667
12359.0,61,6,2563.36,1130,110,427.2266666666667
12360.0,15,5,1590.83,1294,74,318.166
12361.0,98,3,321.35,144,14,107.11666666666667
12362.0,374,1,130.0,1,1,130.0
12366.0,269,1,500.24,296,3,500.24
12368.0,264,1,917.6999999999999,330,18,917.6999999999999
12369.0,49,3,1791.15,1241,90,597.0500000000001
12370.0,260,3,774.62,252,33,258.20666666666665
12371.0,45,3,2179.42,845,91,726.4733333333334
12373.0,260,2,763.0500000000001,319,31,381.52500000000003
12374.0,57,3,2246.29,1020,47,748.7633333333333
12376.0,25,2,503.15,240,11,251.575
12377.0,17,2,1798.2,1161,75,899.1
12378.0,198,1,1407.7,787,82,1407.7
12379.0,58,2,767.98,408,37,383.99
12380.0,101,7,6951.49,2228,119,993.0699999999999
12385.0,15,1,1938.4,612,65,1938.4
12386.0,2,1,258.9,214,8,258.9
12387.0,51,1,143.94,134,9,143.94
12388.0,81,2,1120.45,539,36,560.225
12389.0,38,3,1433.33,614,41,477.77666666666664
12391.0,100,5,2285.18,911,159,457.03599999999994
12392.0,227,1,234.75000000000003,73,7,234.75000000000003
12393.0,18,2,816.85,495,38,408.425
12395.0,7,4,2048.64,1615,83,512.16
12396.0,310,1,931.43,591,65,931.43
12399.0,21,3,853.65,1020,40,284.55
12400.0,50,1,205.25,91,11,205.25
12402.0,28,5,1031.3,490,40,206.26
12403.0,157,1,591.6600000000001,164,4,591.6600000000001
12404.0,318,1,63.24,1,1,63.24
12406.0,35,3,2975.06,1598,44,991.6866666666666
12408.0,21,3,1452.22,820,41,484.0733333333333
12409.0,56,4,12346.619999999999,7592,125,3086.6549999999997
12410.0,138,1,320.38,130,14,320.38
12411.0,45,1,346.9,138,22,346.9
12412.0,38,3,1370.05,1168,50,456.68333333333334
12413.0,38,1,241.35,33,13,241.35
12414.0,99,3,390.0,195,9,130.0
12415.0,11,7,19543.84,14073,169,2791.977142857143
12416.0,292,1,202.56,132,11,202.56
12417.0,46,11,3148.31,1332,144,286.21
12418.0,49,3,1352.62,681,61,450.8733333333333
12419.0,21,2,503.01,231,23,251.505
12421.0,51,2,291.56,168,18,145.78
12422.0,30,14,4428.24,2226,109,316.30285714285714
12423.0,23,2,763.08,454,38,381.54
12424.0,58,2,1579.07,1285,59,789.535
12425.0,84,1,964.21,651,55,964.21
12426.0,298,1,762.48,326,47,762.48
12427.0,7,1,303.5,79,10,303.5
12429.0,1,5,3735.51,1787,70,747.1020000000001
12431.0,9,13,4370.52,1811,131,336.1938461538462
12433.0,2,5,7205.39,6045,163,1441.078
12434.0,17,1,297.29,138,20,297.29
12435.0,32,4,6096.04,2903,68,1524.01
12437.0,31,21,7731.99,5078,216,368.19
12439.0,318,2,1142.88,478,69,571.44
12440.0,98,2,859.2,331,21,429.6
12441.0,2,1,173.55,121,11,173.55
12443.0,368,1,485.31,182,21,485.31
12445.0,56,1,301.58000000000004,144,20,301.58000000000004
12449.0,46,2,768.6,729,10,384.3
12450.0,35,3,490.32,314,25,163.44
12451.0,99,3,3634.36,2784,147,1211.4533333333334
12454.0,31,4,13151.44,6697,9,3287.86
12455.0,81,4,3413.09,1213,121,853.2725
12457.0,71,1,632.68,251,22,632.68
12458.0,63,2,830.09,480,44,415.045
12459.0,241,1,454.36,258,23,454.36
12460.0,92,1,326.65,170,18,326.65
12466.0,318,1,56.73,1,1,56.73
12467.0,59,1,132.8,129,9,132.8
12468.0,162,3,2941.2,1835,102,980.4
12469.0,158,2,3070.54,2552,76,1535.27
12470.0,325,1,211.95,95,23,211.95
12471.0,10,49,20129.54,8658,159,410.8069387755102
12472.0,5,13,11308.48,7202,312,869.8830769230769
12474.0,14,13,5048.66,3107,197,388.35846153846154
12475.0,45,1,426.26,236,25,426.26
12476.0,32,12,7267.49,3223,225,605.6241666666666
12477.0,35,3,7056.63,2466,209,2352.21
12480.0,35,3,2183.2200000000003,1245,79,727.7400000000001
12481.0,1,6,6765.07,3949,139,1127.5116666666665
12482.0,212,29,23691.4,27042,42,816.944827586207
12483.0,14,11,2612.2000000000003,1050,35,237.4727272727273
12484.0,119,6,1826.78,1079,110,304.4633333333333
12485.0,165,1,708.1,414,34,708.1
12486.0,67,1,1037.28,523,49,1037.28
12487.0,366,1,285.29999999999995,174,2,285.29999999999995
12490.0,14,11,4405.71,2842,117,400.5190909090909
12492.0,39,1,452.0,252,22,452.0
12494.0,1,3,626.77,281,28,208.92333333333332
12495.0,276,1,357.4,130,17,357.4
12496.0,256,2,45.34,30,10,22.67
12497.0,36,2,5205.400000000001,4449,30,2602.7000000000003
12499.0,196,1,393.72,302,27,393.72
12500.0,71,8,1697.39,699,61,212.17375
12503.0,220,1,1126.0,561,2,1126.0
12504.0,53,2,297.0,368,8,148.5
12505.0,44,1,955.2,324,42,955.2
12507.0,220,1,539.25,362,28,539.25
12510.0,95,7,4195.45,1696,85,599.35
12511.0,64,1,3084.02,1753,190,3084.02
12514.0,277,1,580.08,400,33,580.08
12516.0,66,2,1336.56,1077,38,668.28
12519.0,112,1,385.7,212,22,385.7
12523.0,10,12,2562.58,1398,105,213.54833333333332
12524.0,24,9,6640.39,3479,65,737.8211111111111
12525.0,134,3,973.73,509,56,324.57666666666665
12527.0,130,2,386.8,292,13,193.4
12529.0,164,1,316.48,192,21,316.48
12530.0,51,5,2096.98,1800,66,419.396
12531.0,322,1,1807.98,1074,110,1807.98
12533.0,263,2,1367.89,704,63,683.945
12537.0,44,1,732.94,449,43,732.94
12538.0,14,1,276.5,145,13,276.5
12539.0,86,3,5646.400000000001,2468,127,1882.1333333333334
12540.0,14,16,8854.25,4334,171,553.390625
12542.0,120,2,481.88,522,39,240.94
12543.0,84,1,980.25,688,43,980.25
12547.0,136,1,175.78,175,13,175.78
12549.0,211,6,1575.68,1366,38,262.61333333333334
12553.0,21,2,916.47,360,39,458.235
12554.0,84,1,468.5,240,26,468.5
12555.0,318,1,129.23,1,1,129.23
12557.0,7,4,6725.18,2398,15,1681.295
12562.0,21,2,1185.18,548,33,592.59
12563.0,44,1,249.24,113,13,249.24
12567.0,3,7,4308.58,1781,146,615.5114285714286
12568.0,280,1,70.0,48,5,70.0
12570.0,318,1,77.52,1,1,77.52
12573.0,17,4,556.87,395,83,139.2175
12575.0,93,2,622.8199999999999,315,34,311.40999999999997
12576.0,28,3,826.89,527,51,275.63
12577.0,17,5,990.5,722,144,198.1
12578.0,21,2,1847.94,1184,53,923.97
12580.0,212,1,637.2,331,34,637.2
12582.0,58,2,1469.04,685,79,734.52
12583.0,9,13,7166.0599999999995,3924,87,551.2353846153845
12586.0,10,3,1865.73,608,76,621.91
12588.0,35,3,743.88,385,27,247.96
12589.0,57,6,4048.98,1458,100,674.83
12591.0,26,2,886.1,425,38,443.05
12592.0,155,3,2145.06,1585,32,715.02
12594.0,14,5,1751.89,991,60,350.37800000000004
12595.0,140,1,299.02,271,19,299.02
12598.0,99,3,1511.01,942,69,503.67
12599.0,17,6,1264.14,1233,37,210.69000000000003
12600.0,7,12,2444.88,640,32,203.74
12601.0,40,1,104.19999999999999,45,6,104.19999999999999
12605.0,12,4,1232.95,929,63,308.2375
12606.0,318,1,21.0,1,1,21.0
12608.0,40,1,415.79,323,16,415.79
12609.0,10,6,2309.01,905,84,384.83500000000004
12613.0,24,5,3472.9900000000002,2513,132,694.5980000000001
12615.0,49,4,3449.79,1941,147,862.4475
12616.0,24,1,417.8,214,22,417.8
12619.0,196,1,140.14,140,10,140.14
12621.0,1,16,11086.14,6493,163,692.88375
12623.0,52,6,3442.7400000000002,1780,109,573.7900000000001
12625.0,145,2,2481.06,1697,85,1240.53
12629.0,21,2,1558.22,722,40,779.11
12631.0,92,5,2841.07,1371,105,568.214
12632.0,156,2,804.88,694,32,402.44
12633.0,18,3,3514.18,2076,182,1171.3933333333332
12634.0,171,2,490.0,337,20,245.0
12635.0,28,2,1241.23,777,77,620.615
12636.0,374,1,141.0,1,1,141.0
12637.0,14,4,2280.91,1263,162,570.2275
12638.0,275,1,249.8,86,9,249.8
12639.0,70,2,826.27,430,39,413.135
12643.0,21,6,4960.18,2857,14,826.6966666666667
12644.0,66,3,1440.58,707,76,480.1933333333333
12645.0,45,4,1764.12,1041,72,441.03
12647.0,3,27,14201.53,5447,218,525.9825925925926
12648.0,73,3,793.95,358,32,264.65000000000003
12649.0,18,5,1671.1399999999999,1373,75,334.22799999999995
12651.0,14,3,263.75,187,21,87.91666666666667
12652.0,70,1,97.05000000000001,31,3,97.05000000000001
12653.0,162,1,1950.98,762,43,1950.98
12655.0,59,1,261.35,80,16,261.35
12656.0,61,3,2356.66,1137,108,785.5533333333333
12661.0,72,1,162.0,216,11,162.0
12662.0,9,10,3138.2400000000002,1523,94,313.824
12663.0,260,2,239.4,181,9,119.7
12664.0,150,2,1188.16,292,4,594.08
12665.0,53,2,250.6,128,13,125.3
12666.0,30,1,1248.42,370,31,1248.42
12668.0,14,6,7575.88,3415,233,1262.6466666666668
12670.0,21,2,764.24,230,21,382.12
12671.0,242,1,2622.481,1460,45,2622.481
12672.0,231,1,211.15,60,12,211.15
12673.0,37,1,619.5,349,32,619.5
12675.0,189,2,957.25,336,111,478.625
12676.0,44,5,1511.7,1197,47,302.34000000000003
12677.0,191,2,395.1,176,13,197.55
12678.0,11,9,16652.72,11449,140,1850.3022222222223
12681.0,3,24,17080.74,10060,341,711.6975000000001
12682.0,1,23,11745.69,5443,210,510.6821739130435
12683.0,1,8,4220.21,2696,143,527.52625
12686.0,7,1,89.14,107,7,89.14
12687.0,116,2,2138.91,1403,126,1069.455
12691.0,56,1,134.6,51,7,134.6
12692.0,273,1,110.95,36,13,110.95
12693.0,32,3,847.11,281,35,282.37
12694.0,57,1,973.68,846,46,973.68
12695.0,164,3,825.02,234,28,275.00666666666666
12696.0,70,2,851.91,564,43,425.955
12698.0,226,1,339.75,111,16,339.75
12699.0,53,1,638.11,373,41,638.11
12701.0,165,4,1648.7,1049,80,412.175
12703.0,269,3,722.98,431,44,240.99333333333334
12705.0,19,5,4893.81,3191,196,978.7620000000001
12708.0,4,9,2601.19,1214,80,289.0211111111111
12709.0,2,20,21107.94,9999,152,1055.397
12711.0,247,2,1339.05,770,56,669.525
12712.0,1,10,2797.53,1287,99,279.75300000000004
12714.0,24,7,9384.85,5705,324,1340.6928571428573
12717.0,226,1,277.93,94,16,277.93
12720.0,5,6,2478.94,1645,129,413.1566666666667
12721.0,21,2,1356.95,696,73,678.475
12724.0,19,3,1286.11,934,66,428.7033333333333
12725.0,7,4,2266.76,1142,92,566.69
12726.0,23,4,1405.5,1475,30,351.375
12727.0,78,3,1698.8300000000002,734,44,566.2766666666668
12728.0,19,1,233.84,124,15,233.84
12730.0,157,1,829.25,234,47,829.25
12731.0,78,5,6879.8,3204,72,1375.96
12733.0,25,3,2040.92,759,106,680.3066666666667
12734.0,10,2,529.25,177,13,264.625
12737.0,134,2,3710.5,2,2,1855.25
12738.0,8,1,155.35,148,11,155.35
12739.0,21,2,1713.69,465,51,856.845
12741.0,165,2,406.07,214,16,203.035
12742.0,261,1,1201.52,1359,67,1201.52
12744.0,95,4,4037.77,1753,110,1009.4425
12745.0,122,3,925.41,468,21,308.46999999999997
12746.0,176,1,254.55,97,17,254.55
12747.0,5,16,5061.03,1473,67,316.314375
12748.0,1,144,22457.9,13109,1342,155.9576388888889
12749.0,35,4,2806.48,889,121,701.62
12751.0,80,1,268.27,189,61,268.27
12755.0,1,10,5218.709999999999,2290,31,521.8709999999999
12758.0,95,5,7111.650000000001,4020,146,1422.3300000000002
12759.0,22,5,3489.3,2300,151,697.86
12760.0,91,1,347.8,198,21,347.8
12761.0,93,2,782.95,281,27,391.475
12763.0,5,1,320.08,196,16,320.08
12765.0,108,6,1404.58,1009,49,234.09666666666666
12766.0,2,3,3078.65,1800,132,1026.2166666666667
12767.0,11,1,949.82,598,43,949.82
12768.0,86,1,168.69000000000003,102,10,168.69000000000003
12770.0,92,1,1895.0,1100,16,1895.0
12771.0,121,1,282.3,104,15,282.3
12773.0,200,1,124.25,109,6,124.25
12774.0,171,1,98.7,53,6,98.7
12775.0,24,2,300.08,206,13,150.04
12776.0,303,1,55.5,46,4,55.5
12777.0,93,1,519.45,458,26,519.45
12778.0,32,3,953.45,910,55,317.81666666666666
12779.0,7,7,2740.91,1617,84,391.5585714285714
12780.0,234,1,337.4,285,20,337.4
12782.0,10,6,2287.32,931,94,381.22
12784.0,165,1,1230.33,582,72,1230.33
12785.0,171,2,788.45,322,36,394.225
12786.0,245,1,728.5,324,18,728.5
12787.0,49,1,398.52,249,24,398.52
12788.0,99,4,444.9,194,20,111.225
12789.0,148,2,181.5,32,2,90.75
12790.0,46,1,266.93,140,16,266.93
12791.0,9,6,863.51,353,17,143.91833333333332
12792.0,170,1,426.47,177,22,426.47
12793.0,7,2,471.85,231,23,235.925
12796.0,264,1,381.0,182,7,381.0
12797.0,1,2,552.08,215,27,276.04
12798.0,57,1,1533.8899999999999,3199,25,1533.8899999999999
12799.0,165,1,219.35,137,15,219.35
12800.0,106,3,584.25,284,31,194.75
12801.0,136,1,1071.82,505,50,1071.82
12802.0,78,6,1988.84,1658,89,331.4733333333333
12803.0,29,1,1092.81,872,55,1092.81
12804.0,101,2,325.37,270,60,162.685
12805.0,17,4,1434.95,593,44,358.7375
12806.0,71,4,2878.96,2087,58,719.74
12807.0,19,1,330.35,145,16,330.35
12808.0,4,3,422.45,187,26,140.81666666666666
12809.0,201,2,1266.63,298,52,633.315
12810.0,170,2,534.99,389,32,267.495
12811.0,14,2,519.05,205,23,259.525
12813.0,137,3,1687.8,1141,37,562.6
12817.0,35,2,524.94,166,16,262.47
12819.0,94,1,540.52,344,19,540.52
12820.0,33,7,1747.18,1242,87,249.59714285714287
12821.0,247,1,128.07999999999998,92,7,128.07999999999998
12823.0,30,13,4742.0,700,1,364.7692307692308
12825.0,157,2,518.63,139,20,259.315
12826.0,1,6,1481.03,937,53,246.83833333333334
12829.0,186,1,92.30000000000001,174,8,92.30000000000001
12831.0,99,2,236.06,168,13,118.03
12835.0,63,41,5996.83,2349,138,146.2641463414634
12836.0,25,11,3949.37,1169,173,359.03363636363633
12837.0,205,1,528.5600000000001,170,73,528.5600000000001
12838.0,9,9,2694.75,1479,177,299.4166666666667
12839.0,3,13,4480.31,3042,112,344.6392307692308
12840.0,73,3,1315.2,747,57,438.40000000000003
12841.0,5,17,3472.61,2609,154,204.27117647058824
12842.0,40,2,799.0,340,13,399.5
12843.0,18,22,4881.1,2247,77,221.86818181818182
12844.0,78,2,322.64,98,43,161.32
12846.0,318,1,15.58,1,1,15.58
12847.0,23,1,765.36,624,34,765.36
12848.0,311,1,208.0,58,16,208.0
12849.0,17,4,2032.18,1258,80,508.045
12850.0,81,1,330.0,200,2,330.0
12851.0,113,1,148.95,51,30,148.95
12853.0,63,5,1950.4,868,58,390.08000000000004
12854.0,197,4,1654.72,1004,120,413.68
12855.0,8,4,612.84,240,65,153.21
12857.0,72,4,2581.6,1077,46,645.4
12858.0,19,1,147.27,51,36,147.27
12859.0,94,1,575.1,292,21,575.1
12860.0,329,1,54.22,26,16,54.22
12861.0,255,1,68.25,27,4,68.25
12862.0,61,2,984.62,611,119,492.31
12863.0,15,5,2271.35,707,23,454.27
12864.0,144,1,152.45,231,4,152.45
12865.0,14,2,1755.24,1048,93,877.62
12866.0,110,2,668.23,382,34,334.115
12867.0,33,6,3819.92,3592,260,636.6533333333333
12868.0,9,3,640.0,354,30,213.33333333333334
12869.0,317,1,337.66999999999996,144,35,337.66999999999996
12870.0,11,3,1676.95,906,85,558.9833333333333
12871.0,75,1,363.38,284,7,363.38
12872.0,1,11,3062.52,1526,204,278.4109090909091
12873.0,33,2,1653.3,658,30,826.65
12874.0,21,2,948.42,623,44,474.21
12875.0,107,3,1013.76,3168,2,337.92
12876.0,30,2,1863.77,1106,70,931.885
12877.0,37,8,1406.3700000000001,1059,76,175.79625000000001
12880.0,17,2,640.13,279,32,320.065
12887.0,19,1,222.4,100,13,222.4
12889.0,17,4,385.46000000000004,124,25,96.36500000000001
12890.0,23,1,329.3,201,56,329.3
12891.0,94,8,509.5,1375,2,63.6875
12892.0,32,1,263.38,140,18,263.38
12894.0,211,1,157.35,33,21,157.35
12897.0,17,2,297.75,139,9,148.875
12898.0,99,2,296.21000000000004,235,27,148.10500000000002
12899.0,49,1,366.4,108,17,366.4
12900.0,58,1,340.33,139,13,340.33
12903.0,64,1,833.53,493,41,833.53
12905.0,212,2,1018.42,532,52,509.21
12907.0,31,2,508.91,177,23,254.455
12908.0,16,3,1026.0,1800,1,342.0
12909.0,60,3,924.52,668,49,308.17333333333335
12910.0,15,5,2721.48,1940,38,544.296
12911.0,187,1,1651.72,807,220,1651.72
12913.0,4,9,4217.2300000000005,1813,26,468.58111111111117
12914.0,36,1,223.98,336,9,223.98
12915.0,8,3,811.1,359,40,270.3666666666667
12916.0,78,3,1534.78,598,51,511.5933333333333
12917.0,36,5,3765.2,984,44,753.04
12918.0,262,1,10953.5,1,1,10953.5
12920.0,207,3,323.86,292,32,107.95333333333333
12921.0,2,39,19333.95,12182,200,495.7423076923077
12923.0,26,2,597.6,162,28,298.8
12924.0,29,8,1535.7,942,37,191.9625
12925.0,228,1,35.28,108,5,35.28
12926.0,47,4,1523.97,754,202,380.9925
12927.0,30,1,197.31,145,11,197.31
12928.0,14,7,2242.19,1427,62,320.3128571428571
12931.0,16,42,50291.38,34902,21,1197.4138095238095
12932.0,175,8,1698.56,1609,69,212.32
12933.0,16,5,1029.1,450,152,205.82
12934.0,372,1,181.65,31,2,181.65
12935.0,11,8,2083.16,1348,61,260.395
12937.0,99,5,1593.34,976,71,318.668
12939.0,15,12,13683.0,5452,12,1140.25
12941.0,360,1,377.49,381,27,377.49
12942.0,1,1,258.75,69,16,258.75
12943.0,194,2,496.5,222,22,248.25
12945.0,292,1,437.16,281,28,437.16
12946.0,72,1,324.45,149,20,324.45
12947.0,9,1,304.04,184,17,304.04
12948.0,366,2,252.48000000000002,224,7,126.24000000000001
12949.0,18,14,11359.48,5852,262,811.3914285714285
12951.0,22,9,2149.65,1159,83,238.85000000000002
12953.0,158,1,498.96000000000004,280,31,498.96000000000004
12954.0,274,1,162.45,83,10,162.45
12956.0,320,3,413.82,306,23,137.94
12957.0,177,5,4689.43,2137,221,937.8860000000001
12958.0,36,2,467.34,118,45,233.67
12959.0,120,1,150.95,109,8,150.95
12960.0,49,4,1322.07,1379,49,330.5175
12961.0,15,1,211.99,180,37,211.99
12963.0,1,5,1744.96,928,74,348.992
12964.0,73,1,132.24,56,26,132.24
12967.0,7,2,2646.02,834,47,1323.01
12969.0,238,1,122.45,55,5,122.45
12970.0,16,6,1048.13,686,174,174.68833333333336
12971.0,2,33,4782.88,5298,46,144.93575757575758
12972.0,49,4,1161.2,844,69,290.3
12973.0,49,1,385.55,31,6,385.55
12974.0,201,1,264.15,80,24,264.15
12975.0,72,6,2100.09,911,92,350.01500000000004
12976.0,14,7,2417.7799999999997,2123,94,345.3971428571428
12977.0,137,3,474.64,116,45,158.21333333333334
12978.0,21,5,2502.82,1394,126,500.564
12979.0,365,1,517.7,520,56,517.7
12980.0,22,12,8870.880000000001,1024,7,739.2400000000001
12982.0,30,7,2354.27,1441,117,336.32428571428574
12983.0,234,1,490.08000000000004,638,30,490.08000000000004
12986.0,64,10,2729.84,1164,61,272.98400000000004
12987.0,56,3,753.51,366,35,251.17
12989.0,60,18,6627.64,3992,11,368.20222222222225
12990.0,53,4,546.0,280,6,136.5
12991.0,25,1,261.06,78,14,261.06
12992.0,361,1,93.35000000000001,21,6,93.35000000000001
12993.0,81,4,844.87,511,44,211.2175
12996.0,11,1,355.5,122,22,355.5
12997.0,30,4,884.02,522,32,221.005
12998.0,128,3,920.08,1124,58,306.6933333333333
13000.0,361,1,497.65000000000003,169,31,497.65000000000003
13001.0,40,20,14256.68,7958,261,712.8340000000001
13002.0,52,2,293.18,128,14,146.59
13004.0,22,18,5994.94,3946,230,333.0522222222222
13005.0,67,2,485.98,290,27,242.99
13007.0,215,1,175.25,59,11,175.25
13008.0,33,2,382.66,204,20,191.33
13009.0,308,1,234.0,120,4,234.0
13010.0,10,2,330.12,323,10,165.06
13011.0,8,1,50.550000000000004,13,3,50.550000000000004
13012.0,65,3,1310.99,739,54,436.99666666666667
13013.0,7,18,7814.83,4239,224,434.15722222222223
13014.0,68,1,1914.8,1074,115,1914.8
13015.0,74,6,3240.14,1918,156,540.0233333333333
13018.0,49,7,2485.46,1311,117,355.0657142857143
13019.0,15,6,1229.95,397,46,204.99166666666667
13020.0,198,2,618.96,278,38,309.48
13021.0,10,8,2270.86,1194,87,283.8575
13022.0,65,1,65.3,35,5,65.3
13023.0,164,1,759.13,299,36,759.13
13024.0,106,2,555.87,181,26,277.935
13025.0,367,1,323.39,241,13,323.39
13026.0,124,4,757.72,846,24,189.43
13027.0,21,13,10327.2,25560,7,794.4000000000001
13029.0,10,2,679.8,60,6,339.9
13030.0,4,1,402.36,174,50,402.36
13031.0,43,5,3292.84,2309,275,658.568
13032.0,28,7,1805.78,899,110,257.9685714285714
13033.0,65,1,30.0,15,2,30.0
13034.0,5,2,279.91,153,16,139.955
13035.0,67,1,442.32,282,15,442.32
13036.0,320,1,307.1,38,6,307.1
13037.0,35,9,3033.88,1699,155,337.09777777777776
13039.0,220,4,1010.73,290,37,252.6825
13041.0,86,4,799.13,335,23,199.7825
13042.0,234,3,1488.59,812,164,496.19666666666666
13044.0,128,10,4287.58,2119,327,428.758
13045.0,37,2,503.64,184,25,251.82
13046.0,92,1,319.94,241,21,319.94
13047.0,9,17,5557.62,2038,119,326.9188235294118
13048.0,72,5,2229.72,1433,85,445.94399999999996
13049.0,25,2,751.5600000000001,352,10,375.78000000000003
13050.0,2,19,6477.67,3449,408,340.93
13051.0,214,2,155.8,72,4,77.9
13052.0,56,6,2771.18,1202,150,461.8633333333333
13053.0,257,1,127.65,47,17,127.65
13055.0,65,1,1106.7,927,78,1106.7
13056.0,187,1,209.48,158,18,209.48
13057.0,166,3,709.59,456,34,236.53
13059.0,49,9,2108.37,825,152,234.26333333333332
13063.0,116,1,188.4,116,12,188.4
13064.0,186,2,561.25,154,19,280.625
13065.0,9,5,1055.05,381,49,211.01
13067.0,45,2,393.05,99,13,196.525
13069.0,5,16,5185.51,9481,421,324.094375
13070.0,95,3,522.9,262,11,174.29999999999998
13071.0,248,1,129.22,30,12,129.22
13073.0,47,2,418.08,261,25,209.04
13074.0,147,4,1378.74,826,26,344.685
13076.0,93,1,135.4,44,9,135.4
13077.0,2,8,2326.35,1909,144,290.79375
13078.0,2,32,16904.510000000002,6553,108,528.2659375000001
13079.0,53,1,199.08,96,11,199.08
13080.0,37,3,222.65,73,11,74.21666666666667
13081.0,7,19,30867.77,22355,506,1624.6194736842106
13082.0,60,12,3722.12,4142,48,310.1766666666667
13083.0,61,1,91.67999999999999,120,4,91.67999999999999
13084.0,127,1,122.39999999999999,144,2,122.39999999999999
13085.0,315,6,2017.2,728,33,336.2
13086.0,18,1,439.33000000000004,155,47,439.33000000000004
13087.0,362,1,313.64,86,15,313.64
13088.0,53,1,236.11,76,19,236.11
13089.0,4,109,57885.45,29125,474,531.0591743119265
13090.0,1,13,5189.32,1181,92,399.17846153846153
13091.0,365,2,1976.0,873,24,988.0
13092.0,50,7,1662.45,385,43,237.49285714285716
13093.0,9,48,47111.18,22266,172,981.4829166666667
13094.0,4,2,505.8,372,5,252.9
13096.0,30,1,419.70000000000005,6,1,419.70000000000005
13097.0,24,18,7320.88,2985,278,406.71555555555557
13101.0,134,3,594.21,365,41,198.07000000000002
13102.0,1,14,5272.83,2372,114,376.6307142857143
13103.0,73,2,465.70000000000005,344,21,232.85000000000002
13104.0,51,3,610.62,330,5,203.54
13105.0,72,1,72.0,100,1,72.0
13106.0,49,1,526.96,213,15,526.96
13107.0,49,5,3721.45,3023,102,744.29
13108.0,8,2,748.46,745,27,374.23
13109.0,187,1,347.49,237,23,347.49
13110.0,73,5,1468.8000000000002,375,77,293.76000000000005
13111.0,354,1,321.88000000000005,180,12,321.88000000000005
13112.0,177,1,20.6,11,2,20.6
13113.0,2,14,6357.08,1495,107,454.07714285714286
13114.0,366,1,234.38,74,16,234.38
13115.0,15,6,3199.92,2367,136,533.32
13117.0,1,12,1658.8999999999999,1122,90,138.24166666666665
13118.0,12,4,1217.6,424,57,304.4
13119.0,304,1,134.9,110,11,134.9
13123.0,108,2,506.75,268,36,253.375
13124.0,21,1,885.33,619,56,885.33
13125.0,159,1,148.62,53,20,148.62
13126.0,2,7,1898.6100000000001,1266,79,271.23
13128.0,267,1,263.5,31,1,263.5
13129.0,88,2,233.25,296,10,116.625
13131.0,54,4,2240.47,1076,94,560.1175
13133.0,95,1,90.65,23,5,90.65
13134.0,38,2,681.65,305,21,340.825
13135.0,127,1,275.45,123,17,275.45
13136.0,11,8,3666.9500000000003,1781,140,458.36875000000003
13137.0,22,8,3983.65,2034,406,497.95625
13138.0,8,2,504.85,245,29,252.425
13139.0,73,1,3138.04,2189,95,3138.04
13140.0,2,3,790.71,461,68,263.57
13141.0,21,12,5267.33,3611,231,438.94416666666666
13143.0,220,1,405.1,198,23,405.1
13144.0,67,1,24.4,8,3,24.4
13145.0,8,4,805.0,121,2,201.25
13148.0,25,14,4814.56,2522,297,343.8971428571429
13150.0,120,3,449.96999999999997,171,7,149.98999999999998
13151.0,261,2,1207.34,450,71,603.67
13152.0,53,7,2146.38,977,114,306.6257142857143
13154.0,35,3,1624.84,976,78,541.6133333333333
13155.0,4,3,778.42,412,68,259.4733333333333
13156.0,21,3,1586.54,914,94,528.8466666666667
13157.0,45,5,3946.14,3323,121,789.228
13158.0,24,1,307.12,208,21,307.12
13161.0,136,1,359.38,76,25,359.38
13162.0,16,12,7587.2,4042,124,632.2666666666667
13163.0,246,1,17.65,3,2,17.65
13164.0,205,2,372.2,120,7,186.1
13165.0,49,1,429.68,360,7,429.68
13166.0,50,1,458.73,306,27,458.73
13167.0,26,1,333.82,222,16,333.82
13168.0,178,1,541.14,228,45,541.14
13169.0,198,1,127.2,24,5,127.2
13172.0,36,1,69.6,48,1,69.6
13173.0,3,10,2212.11,1318,147,221.211
13174.0,5,10,6621.6,3116,538,662.1600000000001
13175.0,218,2,831.45,423,40,415.725
13177.0,66,1,229.75,89,13,229.75
13178.0,33,10,8333.72,5208,160,833.372
13179.0,254,1,572.3100000000001,368,34,572.3100000000001
13180.0,243,1,86.10000000000001,42,4,86.10000000000001
13181.0,17,1,359.69,171,19,359.69
13183.0,30,6,3078.4,1819,31,513.0666666666667
13187.0,260,3,105.34,201,14,35.11333333333334
13190.0,180,3,570.66,308,16,190.22
13191.0,294,1,164.69,115,58,164.69
13192.0,171,4,1646.6399999999999,1034,92,411.65999999999997
13194.0,57,1,412.08,300,7,412.08
13195.0,50,1,136.73,70,43,136.73
13196.0,79,3,1271.06,782,74,423.68666666666667
13197.0,245,1,373.01000000000005,204,19,373.01000000000005
13198.0,23,2,1572.99,801,81,786.495
13199.0,2,30,6615.77,5843,26,220.5256666666667
13201.0,138,4,1233.06,1036,65,308.265
13202.0,30,7,1580.3,572,55,225.75714285714284
13203.0,22,6,1778.79,1613,106,296.465
13204.0,367,1,966.6600000000001,428,57,966.6600000000001
13205.0,79,1,2803.2,256,1,2803.2
13206.0,36,13,8308.19,7086,393,639.0915384615384
13207.0,87,2,285.6,48,4,142.8
13208.0,85,3,758.65,540,92,252.88333333333333
13209.0,150,5,2617.9,1528,42,523.58
13211.0,17,7,1523.35,1011,75,217.62142857142857
13213.0,19,6,2330.94,1602,109,388.49
13214.0,53,7,3264.23,2966,207,466.31857142857143
13215.0,38,1,81.6,96,1,81.6
13217.0,291,1,132.5,250,1,132.5
13219.0,254,1,76.23,11,11,76.23
13220.0,211,1,516.8,200,32,516.8
13222.0,213,1,88.5,30,1,88.5
13223.0,59,4,805.9200000000001,480,4,201.48000000000002
13225.0,57,9,9796.23,3985,50,1088.47
13226.0,29,1,204.25,99,12,204.25
13230.0,1,17,3457.83,1915,406,203.40176470588236
13233.0,56,2,571.34,600,33,285.67
13234.0,308,2,346.5,159,56,173.25
13237.0,23,1,643.0,128,24,643.0
13238.0,66,2,305.9,144,11,152.95
13239.0,73,4,1265.1299999999999,824,69,316.28249999999997
13240.0,1,5,1036.21,542,133,207.24200000000002
13241.0,47,1,112.53,46,40,112.53
13242.0,87,4,429.0,220,12,107.25
13243.0,85,4,635.26,322,121,158.815
13245.0,68,1,558.72,246,29,558.72
13246.0,29,5,1390.23,1209,166,278.046
13249.0,37,6,897.52,700,2,149.58666666666667
13250.0,96,2,253.09,107,17,126.545
13251.0,38,1,252.68,215,25,252.68
13252.0,30,2,399.3,134,19,199.65
13253.0,66,2,1920.71,1443,39,960.355
13254.0,12,1,51.410000000000004,43,4,51.410000000000004
13255.0,9,2,504.95,340,19,252.475
13257.0,72,1,149.75,33,7,149.75
13258.0,15,2,336.59999999999997,164,5,168.29999999999998
13259.0,33,8,1119.36,377,181,139.92
13262.0,25,2,373.16,122,38,186.58
13263.0,29,4,1239.27,604,137,309.8175
13264.0,78,1,722.5600000000001,375,38,722.5600000000001
13266.0,49,7,2300.78,2409,83,328.6828571428572
13267.0,2,18,5236.77,2135,106,290.9316666666667
13269.0,5,14,3545.47,3050,107,253.24785714285713
13270.0,2,1,590.0,200,1,590.0
13274.0,45,1,360.85,199,19,360.85
13275.0,19,2,238.86,138,48,119.43
13276.0,33,3,1300.98,679,184,433.66
13277.0,16,3,264.9,206,7,88.3
13278.0,35,3,893.12,821,48,297.70666666666665
13280.0,15,4,1494.87,971,113,373.7175
13281.0,75,1,350.85,201,22,350.85
13282.0,42,1,181.05,103,14,181.05
13283.0,203,2,279.7,114,13,139.85
13285.0,236,2,655.47,406,42,327.735
13286.0,236,1,734.91,274,46,734.91
13287.0,239,3,781.59,429,46,260.53000000000003
13288.0,79,5,927.61,379,7,185.522
13289.0,359,1,307.95,119,16,307.95
13290.0,74,1,208.63,1,1,208.63
13291.0,50,10,2909.68,1367,134,290.96799999999996
13292.0,51,3,415.57,183,28,138.52333333333334
13293.0,28,6,1192.94,555,51,198.82333333333335
13294.0,282,1,815.79,543,48,815.79
13295.0,12,3,900.77,651,49,300.25666666666666
13296.0,59,5,705.11,575,46,141.022
13297.0,21,3,2278.77,1731,58,759.59
13299.0,59,2,1076.2,386,56,538.1
13300.0,24,2,913.62,252,29,456.81
13302.0,162,1,95.45,7,2,95.45
13303.0,36,1,61.72,26,4,61.72
13304.0,91,3,917.57,478,48,305.8566666666667
13305.0,8,7,1751.75,1128,110,250.25
13306.0,66,1,53.65,74,4,53.65
13307.0,123,2,258.34,136,14,129.17
13308.0,232,1,284.86,230,17,284.86
13309.0,28,1,249.58,370,23,249.58
13310.0,16,2,409.17,229,23,204.585
13312.0,87,1,124.75,41,5,124.75
13313.0,115,7,1890.0,1457,78,270.0
13315.0,325,1,310.26,232,22,310.26
13316.0,28,6,7207.89,14423,69,1201.315
13317.0,21,13,4212.411,2114,151,324.0316153846154
13319.0,1,34,11236.95,4546,221,330.4985294117647
13320.0,70,2,679.4,423,37,339.7
13324.0,64,8,3391.52,3243,23,423.94
13326.0,68,1,281.76,140,13,281.76
13327.0,1,14,6251.71,2879,132,446.55071428571426
13329.0,2,7,4323.97,3023,60,617.71
13330.0,91,3,1655.17,1200,53,551.7233333333334
13331.0,37,1,262.4,54,12,262.4
13333.0,47,3,1015.74,685,54,338.58
13334.0,172,2,2699.48,1434,177,1349.74
13337.0,182,1,1575.26,980,87,1575.26
13338.0,177,3,1958.6,895,101,652.8666666666667
13340.0,53,5,11364.08,3866,77,2272.816
13346.0,98,6,299.4,180,4,49.9
13357.0,130,4,3196.11,1791,240,799.0275
13359.0,39,1,603.75,220,33,603.75
13360.0,67,4,1553.65,942,58,388.4125
13361.0,108,2,1450.5,324,29,725.25
13362.0,14,3,2303.33,1099,106,767.7766666666666
13363.0,45,1,731.36,436,42,731.36
13367.0,67,1,510.20000000000005,253,20,510.20000000000005
13368.0,50,2,498.1,279,22,249.05
13369.0,1,1,308.28000000000003,149,14,308.28000000000003
13370.0,7,1,754.87,343,39,754.87
13371.0,141,2,2297.66,1019,75,1148.83
13373.0,51,3,4274.94,2612,184,1424.9799999999998
13374.0,50,2,422.8,135,17,211.4
13375.0,80,1,1013.58,682,34,1013.58
13377.0,32,2,1552.88,748,71,776.44
13380.0,68,1,62.4,48,3,62.4
13381.0,15,6,4585.06,3096,112,764.1766666666667
13382.0,64,4,1164.59,732,61,291.1475
13383.0,179,1,305.28000000000003,288,1,305.28000000000003
13384.0,26,4,2528.9,1720,81,632.225
13386.0,50,2,835.46,514,24,417.73
13387.0,53,1,186.94,123,71,186.94
13388.0,239,1,508.55,419,34,508.55
13392.0,313,1,91.14,82,8,91.14
13393.0,219,4,1131.45,662,53,282.8625
13394.0,15,11,4101.68,2962,167,372.88000000000005
13395.0,36,2,872.51,1324,56,436.255
13397.0,73,5,1647.74,906,47,329.548
13398.0,84,1,213.0,60,13,213.0
13399.0,100,3,275.4,120,10,91.8
13400.0,218,1,310.83,284,23,310.83
13402.0,8,3,913.9000000000001,628,43,304.6333333333334
13403.0,23,2,154.5,70,6,77.25
13405.0,117,3,641.36,690,14,213.78666666666666
13406.0,63,2,568.92,292,7,284.46
13407.0,214,3,2244.7,1690,85,748.2333333333332
13408.0,7,46,23616.422,13267,172,513.4004782608696
13410.0,29,4,1198.9,726,18,299.725
13412.0,256,1,487.34999999999997,176,33,487.34999999999997
13413.0,275,6,429.44,455,38,71.57333333333334
13414.0,99,3,1103.64,1128,27,367.88000000000005
13415.0,108,4,784.17,496,85,196.0425
13416.0,372,1,228.3,66,7,228.3
13417.0,183,4,1028.66,370,35,257.165
13418.0,8,15,6055.47,3670,167,403.69800000000004
13421.0,42,6,2225.04,1223,124,370.84
13423.0,64,1,217.03,141,12,217.03
13424.0,85,1,572.77,529,40,572.77
13425.0,144,2,1766.22,1235,86,883.11
13426.0,18,12,4526.06,2623,106,377.1716666666667
13427.0,113,3,423.93,335,18,141.31
13428.0,150,2,276.76,205,66,138.38
13431.0,42,6,2047.14,898,74,341.19
13432.0,207,2,439.1,217,98,219.55
13433.0,137,4,658.3199999999999,190,22,164.57999999999998
13434.0,21,3,1132.6200000000001,564,14,377.54
13435.0,12,2,637.44,625,40,318.72
13438.0,183,1,46.5,10,1,46.5
13439.0,24,2,702.9,710,101,351.45
13440.0,59,7,1295.25,573,49,185.03571428571428
13441.0,67,1,424.26,316,25,424.26
13442.0,303,3,419.87,115,33,139.95666666666668
13443.0,84,6,1273.16,805,176,212.19333333333336
13444.0,10,2,619.08,331,51,309.54
13445.0,262,1,241.89999999999998,198,7,241.89999999999998
13446.0,66,11,3881.89,2403,113,352.8990909090909
13448.0,9,9,5655.2,2709,249,628.3555555555555
13450.0,10,7,2076.32,2336,39,296.6171428571429
13451.0,17,6,4191.8,3101,363,698.6333333333333
13452.0,108,1,139.8,4,1,139.8
13453.0,38,1,424.71,207,23,424.71
13454.0,277,1,219.87,198,23,219.87
13455.0,2,5,1847.59,631,70,369.518
13457.0,324,2,148.22,96,9,74.11
13458.0,15,2,2312.7,1252,94,1156.35
13459.0,260,2,1160.4099999999999,986,57,580.2049999999999
13461.0,43,3,2715.0,1962,25,905.0
13462.0,46,4,1002.35,635,55,250.5875
13464.0,30,5,2422.96,1037,95,484.592
13465.0,82,2,931.12,584,34,465.56
13466.0,44,4,705.45,401,34,176.3625
13468.0,4,38,7670.54,3223,208,201.85631578947368
13469.0,289,1,82.4,52,6,82.4
13472.0,99,2,592.24,310,24,296.12
13473.0,210,6,2235.12,734,44,372.52
13474.0,79,2,419.75,189,62,209.875
13476.0,42,3,823.0,296,38,274.3333333333333
13477.0,91,5,1364.59,1070,65,272.918
13478.0,105,5,2215.78,1189,114,443.15600000000006
13479.0,88,2,550.42,582,34,275.21
13480.0,52,2,627.82,362,40,313.91
13481.0,10,6,2026.28,913,87,337.7133333333333
13482.0,263,1,151.45,71,9,151.45
13484.0,19,2,476.92,180,31,238.46
13485.0,12,10,2564.98,1521,118,256.498
13487.0,141,2,271.47,97,11,135.735
13488.0,3,11,6619.57,3373,186,601.7790909090909
13490.0,290,1,154.25,25,8,154.25
13491.0,8,18,3350.7400000000002,1482,102,186.15222222222224
13495.0,4,6,3329.39,1845,49,554.8983333333333
13497.0,4,5,972.28,416,45,194.456
13498.0,366,1,327.38,362,17,327.38
13500.0,37,1,299.53,229,20,299.53
13501.0,122,2,1544.79,693,52,772.395
13502.0,51,2,488.5,226,14,244.25
13503.0,115,5,1642.39,857,148,328.478
13506.0,5,4,1180.68,850,48,295.17
13508.0,278,1,176.07999999999998,156,16,176.07999999999998
13509.0,143,1,135.0,108,5,135.0
13510.0,11,7,2766.73,1658,126,395.2471428571429
13511.0,312,1,282.76,60,5,282.76
13512.0,23,3,462.18,276,20,154.06
13513.0,77,2,619.49,255,24,309.745
13514.0,64,3,663.7,248,13,221.23333333333335
13515.0,85,2,374.7,138,17,187.35
13516.0,53,1,295.85,129,17,295.85
13519.0,78,1,220.46,110,11,220.46
13520.0,7,6,3285.05,1640,62,547.5083333333333
13523.0,2,2,1136.64,602,57,568.32
13526.0,374,2,1182.0,1911,29,591.0
13527.0,54,5,2298.93,1053,152,459.78599999999994
13530.0,270,1,402.97999999999996,272,18,402.97999999999996
13531.0,2,5,1254.72,426,42,250.94400000000002
13534.0,15,10,1850.82,908,59,185.082
13535.0,38,1,89.5,10,1,89.5
13537.0,61,2,717.85,337,38,358.925
13538.0,32,5,1822.28,784,102,364.456
13539.0,56,4,938.02,390,45,234.505
13540.0,103,3,632.39,189,26,210.79666666666665
13541.0,63,2,785.25,279,10,392.625
13542.0,12,17,3959.4900000000002,804,98,232.91117647058826
13543.0,270,2,1439.6100000000001,329,37,719.8050000000001
13544.0,47,4,514.14,219,152,128.535
13545.0,26,2,364.93,252,54,182.465
13546.0,18,2,465.15,230,47,232.575
13547.0,44,1,167.08,79,44,167.08
13548.0,107,1,223.28,122,61,223.28
13549.0,23,1,87.6,96,8,87.6
13550.0,19,1,342.55,430,40,342.55
13551.0,302,1,152.39999999999998,24,1,152.39999999999998
13552.0,64,10,3208.85,1213,87,320.885
13553.0,310,1,499.6,201,85,499.6
13554.0,16,7,1629.35,578,156,232.7642857142857
13555.0,14,9,4792.96,2126,175,532.5511111111111
13556.0,65,2,200.82,134,8,100.41
13557.0,51,11,2448.2,1852,107,222.56363636363633
13559.0,148,2,990.0,360,1,495.0
13561.0,33,10,1661.54,1042,120,166.154
13562.0,37,5,3038.85,846,65,607.77
13564.0,4,35,15310.35,8497,479,437.43857142857144
13565.0,47,1,174.57999999999998,88,22,174.57999999999998
13566.0,70,3,831.76,690,159,277.25333333333333
13567.0,64,4,1079.29,643,180,269.8225
13569.0,3,3,497.74,232,103,165.91333333333333
13571.0,18,14,2448.32,1434,158,174.88000000000002
13573.0,15,4,614.27,345,52,153.5675
13574.0,47,1,404.45,304,84,404.45
13576.0,9,11,4834.400000000001,1968,98,439.49090909090916
13577.0,18,7,1801.68,870,58,257.3828571428572
13578.0,45,1,147.66,127,9,147.66
13579.0,5,4,1072.0,588,62,268.0
13580.0,42,1,107.75,45,5,107.75
13581.0,50,1,162.53,89,23,162.53
13582.0,25,2,241.68,106,10,120.84
13583.0,315,1,664.001,372,43,664.001
13584.0,134,2,243.3,323,55,121.65
13585.0,166,3,684.54,1386,29,228.17999999999998
13586.0,177,1,127.28,38,20,127.28
13587.0,85,3,961.1,484,20,320.3666666666667
13589.0,85,4,741.09,179,29,185.2725
13590.0,11,12,4354.12,3423,225,362.8433333333333
13591.0,71,4,976.8100000000001,365,42,244.20250000000001
13593.0,23,9,3481.41,1451,174,386.8233333333333
13594.0,121,1,136.35000000000002,37,7,136.35000000000002
13595.0,152,3,784.48,341,114,261.49333333333334
13597.0,36,2,396.71,231,17,198.355
13598.0,131,4,601.92,341,46,150.48
13599.0,2,14,5013.96,3200,108,358.14
13600.0,270,1,298.9,275,22,298.9
13601.0,28,2,466.67,409,77,233.335
13602.0,17,3,596.28,271,29,198.76
13604.0,294,1,717.62,242,21,717.62
13605.0,23,2,522.67,425,50,261.335
13607.0,38,1,400.3,178,24,400.3
13608.0,176,1,232.05,110,31,232.05
13609.0,229,1,167.35,19,7,167.35
13610.0,23,7,1021.38,381,157,145.91142857142856
13611.0,10,7,2143.53,1234,122,306.21857142857147
13612.0,268,1,818.29,444,50,818.29
13613.0,88,5,1039.8500000000001,445,50,207.97000000000003
13614.0,29,2,747.28,257,67,373.64
13615.0,35,7,5854.84,2721,244,836.4057142857143
13616.0,204,2,283.85,172,31,141.925
13617.0,44,5,734.57,293,31,146.91400000000002
13619.0,180,2,224.94,79,39,112.47
13620.0,164,1,112.34,74,5,112.34
13622.0,332,1,658.95,379,32,658.95
13623.0,16,5,1805.32,724,152,361.06399999999996
13624.0,24,1,462.08,820,22,462.08
13625.0,232,1,301.26,144,21,301.26
13626.0,15,1,449.81,189,25,449.81
13627.0,124,2,607.43,363,37,303.715
13628.0,312,1,310.14,106,16,310.14
13629.0,49,8,5578.5,3350,7,697.3125
13632.0,30,3,1526.88,602,63,508.96000000000004
13634.0,10,11,3486.41,1390,153,316.9463636363636
13635.0,78,3,1928.1299999999999,1207,89,642.7099999999999
13639.0,72,1,312.93,197,19,312.93
13640.0,247,1,405.0,108,4,405.0
13641.0,276,5,1016.47,1098,41,203.294
13642.0,68,3,159.92,80,41,53.306666666666665
13643.0,18,7,1637.33,629,57,233.9042857142857
13646.0,35,2,326.25,79,58,163.125
13647.0,130,4,1393.56,908,50,348.39
13648.0,36,8,1764.02,960,95,220.5025
13649.0,2,5,1304.88,710,90,260.976
13650.0,10,4,1451.66,824,62,362.915
13651.0,17,1,132.65,29,8,132.65
13652.0,4,3,1475.77,992,91,491.92333333333335
13653.0,123,1,152.2,72,9,152.2
13654.0,16,5,3600.67,2580,133,720.134
13655.0,10,4,1347.54,620,55,336.885
13656.0,135,2,699.2,372,38,349.6
13658.0,19,4,3386.33,1152,92,846.5825
13659.0,52,10,3321.68,1645,137,332.168
13660.0,36,1,306.64,136,39,306.64
13661.0,239,1,325.24,118,17,325.24
13662.0,21,8,1352.35,636,77,169.04375
13663.0,16,4,1858.04,802,75,464.51
13665.0,22,3,1711.6599999999999,1652,97,570.5533333333333
13666.0,56,2,43.25,13,7,21.625
13668.0,19,14,6638.650000000001,2374,192,474.18928571428575
13669.0,43,1,195.0,156,5,195.0
13671.0,30,1,172.6,95,61,172.6
13672.0,366,1,233.53000000000003,81,12,233.53000000000003
13674.0,68,1,240.68,102,14,240.68
13676.0,175,2,243.9,104,13,121.95
13677.0,40,2,551.24,217,98,275.62
13679.0,129,3,281.26,102,44,93.75333333333333
13680.0,107,8,7700.55,3310,244,962.56875
13683.0,93,1,258.6,180,10,258.6
13684.0,26,3,529.75,196,58,176.58333333333334
13686.0,16,2,337.04,308,23,168.52
13687.0,74,1,11880.84,87167,45,11880.84
13688.0,271,1,375.5,130,5,375.5
13689.0,80,1,349.5,210,3,349.5
13691.0,32,1,212.78,145,54,212.78
13692.0,44,2,1626.08,875,43,813.04
13693.0,10,9,2011.82,880,78,223.53555555555556
13694.0,9,94,131443.19,125893,654,1398.3318085106382
13695.0,213,1,266.6,188,6,266.6
13696.0,57,3,2020.4,552,24,673.4666666666667
13698.0,232,2,451.73,227,31,225.865
13699.0,186,1,455.57,153,23,455.57
13700.0,53,3,348.34,505,41,116.11333333333333
13701.0,82,1,161.0,80,9,161.0
13702.0,81,1,135.18,74,5,135.18
13703.0,51,1,326.06,118,35,326.06
13705.0,9,5,1323.47,646,43,264.694
13706.0,262,1,300.38,112,18,300.38
13707.0,65,3,2559.45,1859,102,853.15
13709.0,82,5,1263.7,614,64,252.74
13710.0,59,2,329.04,160,7,164.52
13711.0,42,7,1540.2,679,71,220.02857142857144
13712.0,246,1,537.58,776,23,537.58
13713.0,44,3,740.76,284,70,246.92
13714.0,101,1,161.35,50,30,161.35
13715.0,8,13,7348.3,4345,233,565.2538461538462
13717.0,93,2,318.29,185,21,159.145
13719.0,29,6,1741.4,979,149,290.23333333333335
13721.0,31,1,217.39999999999998,196,14,217.39999999999998
13722.0,56,7,3260.0,1658,84,465.7142857142857
13723.0,28,5,994.23,550,46,198.846
13724.0,273,1,213.01,130,39,213.01
13727.0,247,6,740.6700000000001,206,55,123.44500000000001
13728.0,23,10,1839.03,811,56,183.903
13729.0,71,3,724.73,419,36,241.57666666666668
13733.0,46,2,487.03000000000003,335,28,243.51500000000001
13734.0,144,4,6695.6900000000005,302,24,1673.9225000000001
13735.0,12,9,6879.2300000000005,3007,272,764.3588888888889
13736.0,61,5,2022.67,1053,225,404.534
13738.0,32,1,434.78000000000003,237,88,434.78000000000003
13739.0,163,1,75.3,22,3,75.3
13740.0,51,4,1232.02,562,62,308.005
13745.0,182,1,477.32,650,31,477.32
13746.0,49,1,176.69,83,9,176.69
13747.0,9,2,169.79999999999998,60,4,84.89999999999999
13748.0,9,5,1320.1,669,22,264.02
13750.0,16,6,1954.92,854,34,325.82
13752.0,163,1,404.45000000000005,131,19,404.45000000000005
13753.0,234,3,1353.31,938,37,451.1033333333333
13754.0,73,1,164.45000000000002,101,9,164.45000000000002
13756.0,3,10,3999.2300000000005,2238,103,399.92300000000006
13757.0,310,1,195.55,54,8,195.55
13758.0,2,10,6226.43,3224,147,622.643
13760.0,40,3,1076.85,426,53,358.95
13761.0,138,4,881.52,437,50,220.38
13762.0,229,4,2165.76,2336,21,541.44
13763.0,53,2,3502.48,2496,35,1751.24
13764.0,205,3,1400.2,1158,141,466.73333333333335
13765.0,289,1,352.821,297,17,352.821
13766.0,131,1,190.35,137,16,190.35
13767.0,5,39,18320.170000000002,7913,101,469.74794871794876
13768.0,362,2,875.97,373,30,437.985
13769.0,3,11,3003.9100000000003,1411,81,273.0827272727273
13770.0,58,4,785.37,468,48,196.3425
13771.0,169,5,3094.37,1663,85,618.874
13772.0,36,5,1977.39,906,290,395.478
13773.0,32,2,301.54,174,19,150.77
13775.0,226,1,1049.66,455,63,1049.66
13776.0,64,2,623.98,2,1,311.99
13777.0,2,37,30501.260000000002,13845,36,824.3583783783785
13778.0,127,3,945.79,441,27,315.2633333333333
13779.0,151,1,161.13,53,27,161.13
13780.0,43,1,372.06,161,35,372.06
13781.0,228,2,650.99,270,39,325.495
13782.0,89,7,877.22,274,106,125.31714285714285
13783.0,123,4,1542.09,3437,4,385.5225
13784.0,70,3,447.44,334,9,149.14666666666668
13785.0,64,4,542.49,151,26,135.6225
13786.0,3,6,3127.99,1515,80,521.3316666666666
13787.0,94,4,913.46,661,50,228.365
13788.0,141,1,3.75,1,1,3.75
13789.0,24,1,239.45999999999998,258,18,239.45999999999998
13792.0,58,1,188.4,64,10,188.4
13793.0,282,1,96.0,52,7,96.0
13794.0,182,1,126.03,63,9,126.03
13795.0,24,4,836.3,1250,23,209.075
13796.0,135,1,289.7,218,22,289.7
13797.0,72,3,1179.45,573,71,393.15000000000003
13798.0,8,54,38683.02,24399,121,716.3522222222222
13799.0,80,7,2114.71,1137,44,302.1014285714286
13800.0,66,2,1121.24,560,40,560.62
13802.0,10,16,21659.69,11557,197,1353.730625
13803.0,67,2,1061.84,710,58,530.92
13804.0,71,2,572.73,335,32,286.365
13807.0,3,3,422.2,116,24,140.73333333333332
13809.0,30,2,524.65,252,13,262.325
13813.0,163,4,1398.61,740,50,349.6525
13814.0,163,1,678.2,350,22,678.2
13815.0,42,4,3448.38,2821,124,862.095
13818.0,65,1,61.28,60,5,61.28
13819.0,305,3,1502.0,1200,34,500.6666666666667
13820.0,54,3,652.75,285,68,217.58333333333334
13821.0,29,4,993.44,324,132,248.36
13823.0,16,5,2445.79,1125,91,489.158
13824.0,15,7,1615.82,674,34,230.83142857142857
13825.0,257,2,255.59,182,38,127.795
13829.0,57,1,102.0,12,1,102.0
13830.0,217,1,156.85000000000002,47,11,156.85000000000002
13831.0,5,13,4795.09,1810,78,368.8530769230769
13832.0,58,1,557.6899999999999,392,51,557.6899999999999
13833.0,40,1,316.56,126,16,316.56
13834.0,212,2,324.19,221,15,162.095
13835.0,155,3,260.7,78,15,86.89999999999999
13836.0,35,2,620.37,273,29,310.185
13838.0,5,7,1245.91,520,242,177.98714285714286
13839.0,122,1,139.95000000000002,25,7,139.95000000000002
13840.0,52,1,651.4,358,40,651.4
13842.0,2,10,2244.29,1111,113,224.429
13843.0,17,1,319.75,145,18,319.75
13846.0,35,1,442.73,317,26,442.73
13847.0,355,1,310.72,96,19,310.72
13848.0,2,6,2080.0,6500,1,346.6666666666667
13849.0,33,3,1931.35,867,108,643.7833333333333
13851.0,15,5,1955.0,820,45,391.0
13852.0,246,1,187.35000000000002,85,11,187.35000000000002
13854.0,1,15,4144.44,1414,35,276.296
13855.0,136,4,1310.3400000000001,575,64,327.58500000000004
13856.0,99,8,753.53,611,27,94.19125
13857.0,29,6,1001.01,782,99,166.835
13859.0,165,1,314.7,38,8,314.7
13861.0,65,2,273.26,225,21,136.63
13862.0,25,1,346.73,239,21,346.73
13863.0,101,3,933.77,329,43,311.25666666666666
13864.0,22,1,662.4000000000001,192,1,662.4000000000001
13869.0,17,6,4913.22,2593,359,818.87
13870.0,23,7,2941.14,2124,86,420.16285714285715
13871.0,64,4,1482.6,696,48,370.65
13872.0,163,3,919.57,339,51,306.52333333333337
13873.0,19,5,649.32,332,36,129.864
13874.0,140,6,1508.7,684,33,251.45000000000002
13875.0,23,9,3027.58,1756,114,336.3977777777778
13877.0,106,2,332.44,370,20,166.22
13878.0,183,3,1145.33,464,59,381.77666666666664
13879.0,281,1,395.5,204,25,395.5
13880.0,3,5,1171.89,747,50,234.37800000000001
13881.0,11,23,28019.58,19642,148,1218.2426086956523
13883.0,39,10,3885.54,2148,136,388.554
13884.0,12,5,1037.43,452,87,207.48600000000002
13888.0,40,5,1405.92,541,96,281.184
13889.0,18,5,1574.3300000000002,833,50,314.86600000000004
13890.0,10,4,1043.57,561,48,260.8925
13891.0,14,3,859.21,476,97,286.40333333333336
13892.0,113,2,634.68,2142,8,317.34
13895.0,151,2,1415.45,695,67,707.725
13896.0,261,1,388.55,149,21,388.55
13897.0,74,2,849.56,620,42,424.78
13898.0,47,1,530.47,411,34,530.47
13900.0,25,3,869.64,508,46,289.88
13901.0,10,10,2809.14,1605,148,280.914
13902.0,268,5,34095.26,220600,58,6819.052000000001
13903.0,36,1,165.45000000000002,103,10,165.45000000000002
13905.0,368,1,312.65,135,12,312.65
13906.0,45,1,42.0,100,1,42.0
13907.0,327,1,136.8,68,4,136.8
13909.0,59,2,282.85,301,35,141.425
13911.0,15,11,1654.08,1756,67,150.3709090909091
13912.0,59,1,124.95,29,7,124.95
13913.0,142,1,42.22,10,3,42.22
13915.0,30,1,70.80000000000001,24,2,70.80000000000001
13916.0,99,4,1275.81,673,72,318.9525
13919.0,60,2,975.87,659,45,487.935
13920.0,67,4,1774.68,1772,81,443.67
13921.0,38,4,730.7,210,36,182.675
13922.0,73,2,692.95,374,23,346.475
13927.0,73,1,359.27,249,20,359.27
13929.0,52,9,2651.45,1423,37,294.60555555555555
13931.0,28,9,4019.85,2763,170,446.65
13935.0,232,3,6116.92,2252,67,2038.9733333333334
13936.0,18,2,563.08,331,31,281.54
13937.0,38,1,721.28,464,45,721.28
13939.0,67,4,992.41,761,52,248.1025
13941.0,8,11,6009.34,3062,33,546.3036363636364
13942.0,170,1,320.0,1000,1,320.0
13943.0,213,1,246.54,94,15,246.54
13944.0,289,1,200.43,153,35,200.43
13945.0,30,2,854.15,413,49,427.075
13946.0,12,3,1314.66,2404,41,438.22
13948.0,47,3,446.76,208,20,148.92
13952.0,16,12,9572.45,4516,183,797.7041666666668
13953.0,45,5,3125.0,2500,1,625.0
13955.0,11,1,221.10999999999999,118,52,221.10999999999999
13957.0,53,3,458.25,157,21,152.75
13958.0,15,8,4709.2300000000005,2264,172,588.6537500000001
13959.0,35,3,470.73,339,56,156.91
13961.0,28,1,538.4,226,19,538.4
13962.0,71,1,193.25,73,12,193.25
13963.0,3,14,2347.33,1601,107,167.66642857142855
13964.0,23,2,438.9,228,22,219.45
13965.0,112,3,996.61,425,23,332.2033333333333
13966.0,71,1,384.26,760,21,384.26
13967.0,32,1,85.6,24,4,85.6
13968.0,59,1,123.66,174,8,123.66
13969.0,1,18,4266.88,2245,240,237.04888888888888
13970.0,22,2,846.55,469,10,423.275
13971.0,59,6,1909.31,1240,87,318.2183333333333
13974.0,218,1,264.13,107,15,264.13
13975.0,29,6,2795.16,2187,290,465.85999999999996
13976.0,142,3,834.38,298,43,278.12666666666667
13977.0,47,1,519.8100000000001,303,13,519.8100000000001
13979.0,29,6,2510.06,1631,309,418.3433333333333
13980.0,75,4,568.68,291,47,142.17
13981.0,51,1,331.14,234,22,331.14
13982.0,1,6,2511.08,1550,87,418.5133333333333
13983.0,2,10,4479.82,2962,186,447.98199999999997
13984.0,2,8,1128.09,742,47,141.01125
13985.0,10,7,2960.73,1491,81,422.9614285714286
13987.0,15,2,682.54,492,46,341.27
13988.0,19,2,609.84,341,54,304.92
13989.0,100,3,759.98,894,34,253.32666666666668
13992.0,16,2,142.7,90,5,71.35
13993.0,15,10,3309.35,1235,80,330.935
13995.0,15,9,2508.32,1480,106,278.70222222222225
13996.0,22,2,895.76,613,29,447.88
13997.0,155,3,376.46,143,36,125.48666666666666
13998.0,82,3,566.7,204,30,188.9
13999.0,10,17,5600.45,2800,132,329.43823529411765
14000.0,50,4,1410.68,1128,23,352.67
14001.0,9,7,2487.01,911,42,355.2871428571429
14003.0,368,1,209.41,149,16,209.41
14004.0,29,4,1675.81,757,61,418.9525
14006.0,164,4,1234.48,1540,40,308.62
14007.0,148,1,79.48,16,5,79.48
14008.0,68,1,509.04,326,32,509.04
14009.0,98,1,404.3,586,32,404.3
14010.0,201,2,445.15,177,20,222.575
14011.0,116,2,457.82,644,32,228.91
14013.0,16,2,611.5500000000001,313,30,305.77500000000003
14014.0,12,2,1443.03,928,37,721.515
14016.0,32,7,7062.2,3597,246,1008.8857142857142
14017.0,207,1,229.75,73,14,229.75
14018.0,281,1,367.15000000000003,224,13,367.15000000000003
14020.0,112,2,606.21,207,29,303.105
14021.0,10,4,1084.68,686,64,271.17
14022.0,122,1,352.15000000000003,194,19,352.15000000000003
14024.0,26,1,318.04,88,18,318.04
14025.0,100,8,4057.9,1914,60,507.2375
14026.0,106,2,713.11,427,43,356.555
14028.0,186,3,10396.5,7170,3,3465.5
14030.0,2,14,5839.46,2834,462,417.1042857142857
14031.0,1,27,23632.72,8680,204,875.285925925926
14032.0,2,6,1874.68,1884,53,312.44666666666666
14033.0,191,1,109.44,576,1,109.44
14035.0,42,4,1366.73,666,42,341.6825
14037.0,114,4,689.75,544,76,172.4375
14038.0,33,2,1509.5,743,54,754.75
14039.0,211,1,115.08000000000001,100,4,115.08000000000001
14040.0,22,23,8963.49,3428,265,389.7169565217391
14042.0,361,1,431.98,180,21,431.98
14043.0,127,2,302.6,152,37,151.3
14044.0,54,6,2431.28,1796,446,405.21333333333337
14045.0,9,13,9653.279999999999,4052,16,742.56
14047.0,8,10,2946.42,1268,87,294.642
14048.0,18,2,338.76,179,55,169.38
14049.0,23,9,7444.68,4672,364,827.1866666666667
14051.0,2,15,6784.01,2167,56,452.26733333333334
14052.0,26,1,241.3,85,65,241.3
14053.0,33,2,312.05,275,3,156.025
14055.0,213,2,795.3199999999999,504,23,397.65999999999997
14057.0,17,5,2135.0,1565,124,427.0
14058.0,98,2,469.19,211,23,234.595
14060.0,2,13,3378.66,2733,43,259.8969230769231
14061.0,143,3,917.4300000000001,133,17,305.81
14062.0,10,12,15120.800000000001,7201,113,1260.0666666666668
14063.0,74,9,22710.2,3850,30,2523.355555555556
14064.0,66,10,1925.9,2139,89,192.59
14065.0,25,3,891.02,582,42,297.00666666666666
14068.0,239,3,1250.8700000000001,437,73,416.9566666666667
14069.0,150,2,225.81,58,37,112.905
14070.0,320,1,321.6,85,40,321.6
14072.0,302,1,390.85,65,19,390.85
14074.0,259,1,219.39999999999998,228,6,219.39999999999998
14075.0,39,3,792.61,740,36,264.2033333333333
14077.0,31,1,115.66,108,14,115.66
14078.0,9,4,640.34,305,80,160.085
14079.0,318,1,243.63,1,1,243.63
14080.0,49,4,1070.08,220,70,267.52
14081.0,5,9,4369.47,3041,439,485.49666666666667
14082.0,28,1,231.10999999999999,136,36,231.10999999999999
14083.0,7,3,373.3,207,70,124.43333333333334
14084.0,148,1,150.5,306,7,150.5
14085.0,4,16,5607.43,3363,336,350.464375
14086.0,98,1,39.95,1,1,39.95
14087.0,40,2,638.0,468,126,319.0
14088.0,42,3,13544.99,2611,93,4514.996666666667
14091.0,290,2,9530.08,3316,13,4765.04
14092.0,10,10,3152.54,1540,92,315.254
14094.0,75,1,311.77,158,41,311.77
14095.0,358,1,2.95,1,1,2.95
14097.0,117,2,422.85999999999996,352,39,211.42999999999998
14099.0,11,9,2646.7400000000002,1487,165,294.08222222222224
14101.0,24,7,3985.14,3600,15,569.3057142857143
14104.0,25,3,527.3199999999999,424,100,175.7733333333333
14105.0,44,4,4722.6,2734,172,1180.65
14106.0,373,1,214.79999999999998,24,1,214.79999999999998
14107.0,84,4,2174.07,1696,71,543.5175
14108.0,367,2,447.05,279,18,223.525
14110.0,71,21,7304.8,3380,126,347.84761904761905
14112.0,87,6,2919.44,1888,122,486.5733333333333
14113.0,11,12,5252.1900000000005,2694,57,437.68250000000006
14114.0,31,5,977.5600000000001,549,58,195.512
14115.0,137,2,622.6700000000001,509,22,311.33500000000004
14118.0,64,1,458.45,97,15,458.45
14119.0,11,2,183.37,177,11,91.685
14122.0,42,3,362.42,114,12,120.80666666666667
14123.0,369,1,436.18,234,24,436.18
14126.0,80,1,466.33000000000004,379,28,466.33000000000004
14127.0,16,3,1190.3700000000001,507,64,396.79
14128.0,187,1,286.71,250,19,286.71
14129.0,35,4,1467.48,822,22,366.87
14130.0,11,3,1377.86,958,131,459.28666666666663
14131.0,284,1,168.22,105,45,168.22
14133.0,369,1,305.5,50,8,305.5
14134.0,18,15,11123.35,5814,130,741.5566666666667
14135.0,3,11,4953.61,5505,90,450.3281818181818
14136.0,36,5,1570.81,1148,86,314.162
14137.0,331,1,332.7,462,11,332.7
14139.0,126,3,670.98,539,29,223.66
14142.0,9,2,671.34,518,42,335.67
14144.0,122,1,30.599999999999998,12,1,30.599999999999998
14145.0,95,3,3857.85,899,10,1285.95
14146.0,19,7,5259.3,3343,204,751.3285714285714
14147.0,24,7,2106.8,887,21,300.9714285714286
14148.0,50,1,309.09000000000003,207,14,309.09000000000003
14151.0,309,2,679.45,405,44,339.725
14152.0,23,5,1376.05,1133,75,275.21
14153.0,119,1,233.4,312,17,233.4
14154.0,17,6,5115.08,2757,204,852.5133333333333
14156.0,7,102,196549.74,108105,1094,1926.9582352941175
14157.0,25,3,553.8000000000001,250,33,184.60000000000002
14159.0,15,9,3230.45,2172,367,358.93888888888887
14160.0,246,7,8421.47,4661,80,1203.0671428571427
14161.0,5,5,2182.46,1158,153,436.492
14163.0,98,1,148.71,57,6,148.71
14166.0,141,2,251.15,82,39,125.575
14167.0,100,4,711.7,193,32,177.925
14168.0,56,2,370.45,147,11,185.225
14169.0,66,2,621.51,205,50,310.755
14170.0,11,3,570.18,270,123,190.05999999999997
14171.0,366,1,135.0,44,6,135.0
14172.0,241,3,369.02,78,38,123.00666666666666
14173.0,277,2,135.16,44,3,67.58
14175.0,54,5,4456.58,1494,125,891.316
14176.0,3,2,339.11,117,14,169.555
14177.0,17,9,1660.23,839,118,184.47
14180.0,8,9,1570.73,159,44,174.52555555555557
14181.0,46,2,308.35,120,48,154.175
14182.0,79,4,678.77,174,42,169.6925
14183.0,47,2,278.34000000000003,60,27,139.17000000000002
14186.0,63,5,1550.63,1550,75,310.12600000000003
14187.0,109,1,123.5,50,8,123.5
14189.0,4,2,1160.31,709,46,580.155
14190.0,302,1,79.9,2,1,79.9
14191.0,30,2,132.9,62,6,66.45
14192.0,24,1,293.74,218,14,293.74
14193.0,32,1,356.8,208,22,356.8
14194.0,28,15,7321.07,4197,246,488.0713333333333
14195.0,75,4,1603.6,1384,5,400.9
14197.0,46,1,390.05,143,20,390.05
14198.0,36,5,868.33,333,33,173.666
14199.0,59,3,906.3,226,15,302.09999999999997
14200.0,253,1,379.2,140,21,379.2
14201.0,45,3,446.1,216,17,148.70000000000002
14202.0,17,3,847.76,166,27,282.58666666666664
14203.0,33,1,339.34,80,16,339.34
14204.0,58,3,874.22,397,158,291.4066666666667
14205.0,30,7,1947.5,1138,65,278.2142857142857
14206.0,24,2,856.85,654,43,428.425
14207.0,323,1,157.8,36,2,157.8
14208.0,187,1,415.31,415,25,415.31
14209.0,21,9,2919.84,1048,97,324.4266666666667
14210.0,7,11,3955.6800000000003,1844,128,359.60727272727274
14211.0,47,9,2161.19,1333,96,240.13222222222223
14212.0,81,1,1119.6599999999999,894,12,1119.6599999999999
14213.0,40,1,1192.2,244,5,1192.2
14215.0,4,4,1626.61,927,81,406.6525
14216.0,50,1,310.74,118,18,310.74
14217.0,2,7,1411.91,567,68,201.70142857142858
14219.0,45,2,543.89,285,32,271.945
14220.0,203,2,882.5999999999999,196,12,441.29999999999995
14221.0,85,8,3084.69,1617,67,385.58625
14224.0,26,5,831.98,343,101,166.39600000000002
14225.0,70,4,2031.07,1167,70,507.7675
14226.0,77,1,770.34,418,31,770.34
14227.0,50,5,3017.75,2228,164,603.55
14228.0,73,3,745.5,260,38,248.5
14229.0,39,4,1046.84,324,21,261.71
14230.0,71,3,979.8000000000001,246,27,326.6
14231.0,86,1,309.91,201,19,309.91
14233.0,101,3,1441.55,581,30,480.51666666666665
14235.0,134,4,1573.1299999999999,1055,53,393.28249999999997
14236.0,8,4,1253.78,502,29,313.445
14237.0,9,2,471.14,238,26,235.57
14238.0,298,2,287.38,78,5,143.69
14239.0,67,10,1882.3200000000002,736,41,188.23200000000003
14240.0,59,1,357.15,237,19,357.15
14241.0,332,1,120.0,96,2,120.0
14243.0,1,8,4842.28,2466,180,605.285
14244.0,296,1,366.41999999999996,814,16,366.41999999999996
14247.0,40,4,616.79,331,72,154.1975
14248.0,95,2,730.37,590,33,365.185
14249.0,46,12,5400.461,2383,178,450.0384166666667
14252.0,17,1,350.99,111,10,350.99
14253.0,129,2,363.40000000000003,88,11,181.70000000000002
14254.0,68,1,601.03,263,23,601.03
14255.0,182,1,1000.63,1,1,1000.63
14256.0,127,3,1491.73,733,70,497.24333333333334
14257.0,16,4,2854.73,1650,97,713.6825
14258.0,31,16,19381.36,10388,85,1211.335
14260.0,107,3,824.28,544,50,274.76
14263.0,59,1,322.93,171,16,322.93
14264.0,15,4,1183.39,483,49,295.8475
14265.0,100,2,843.17,385,47,421.585
14266.0,64,1,40.56,24,1,40.56
14268.0,106,1,354.85,147,19,354.85
14269.0,75,1,295.73,123,16,295.73
14271.0,45,1,101.86,60,28,101.86
14272.0,198,2,482.85,498,31,241.425
14274.0,322,1,256.6,178,15,256.6
14275.0,31,6,1189.3799999999999,538,14,198.23
14276.0,43,4,982.94,662,38,245.735
14277.0,47,6,13009.61,87830,147,2168.2683333333334
14278.0,45,1,205.83,131,13,205.83
14279.0,156,2,191.86,46,3,95.93
14281.0,44,1,245.15,45,7,245.15
14282.0,3,11,4120.32,2810,59,374.57454545454544
14283.0,99,4,628.4399999999999,550,36,157.10999999999999
14284.0,289,1,704.4,349,35,704.4
14285.0,149,4,1374.41,413,33,343.6025
14286.0,40,4,3851.0099999999998,4457,167,962.7524999999999
14290.0,49,3,2201.91,685,43,733.9699999999999
14291.0,16,12,4020.85,3397,158,335.0708333333333
14292.0,46,7,4354.32,1766,66,622.0457142857142
14293.0,4,6,2221.37,1021,62,370.2283333333333
14294.0,43,1,375.34,190,23,375.34
14295.0,74,4,2196.71,945,61,549.1775
14296.0,57,2,456.40000000000003,314,27,228.20000000000002
14298.0,11,38,39667.19,41929,712,1043.8734210526316
14299.0,1,19,10533.87,6079,90,554.4142105263159
14301.0,52,3,1352.04,1080,29,450.68
14302.0,66,3,742.9000000000001,298,25,247.63333333333335
14303.0,43,2,277.94,218,21,138.97
14304.0,15,2,1341.56,636,63,670.78
14306.0,14,4,1058.0800000000002,990,12,264.52000000000004
14307.0,9,5,2075.31,1316,112,415.062
14308.0,185,2,1147.02,2,1,573.51
14309.0,49,2,1428.28,950,69,714.14
14310.0,68,1,492.1,230,22,492.1
14311.0,203,1,206.19,89,11,206.19
14312.0,14,5,1478.7,892,88,295.74
14314.0,66,1,109.80000000000001,36,2,109.80000000000001
14315.0,200,2,716.69,323,26,358.345
14316.0,58,5,1370.34,4494,21,274.068
14318.0,96,1,158.02,152,9,158.02
14319.0,60,1,494.85,329,26,494.85
14320.0,182,3,868.96,388,46,289.65333333333336
14321.0,67,2,687.3100000000001,869,56,343.65500000000003
14322.0,65,4,474.1,158,10,118.525
14324.0,45,2,701.61,402,41,350.805
14325.0,205,1,245.48000000000002,320,18,245.48000000000002
14326.0,99,2,757.13,469,48,378.565
14327.0,18,5,1583.28,1157,89,316.656
14328.0,74,1,445.05,1,1,445.05
14329.0,11,8,4912.38,2826,206,614.0475
14330.0,259,1,200.63,103,13,200.63
14332.0,17,2,1077.2,412,31,538.6
14334.0,61,4,1766.27,1255,77,441.5675
14338.0,172,1,339.88,287,19,339.88
14339.0,64,1,310.75,288,9,310.75
14341.0,56,10,2285.04,1416,100,228.504
14342.0,68,2,249.88,174,12,124.94
14343.0,57,4,1079.66,626,193,269.915
14344.0,3,14,2443.77,1192,102,174.555
14346.0,61,3,1294.17,1273,78,431.39000000000004
14347.0,372,1,82.6,48,6,82.6
14350.0,16,2,689.1,360,38,344.55
14353.0,46,2,285.9,280,14,142.95
14355.0,1,3,840.0500000000001,617,57,280.0166666666667
14358.0,25,2,400.06,338,21,200.03
14361.0,214,1,214.70999999999998,251,14,214.70999999999998
14363.0,38,2,227.47000000000003,105,8,113.73500000000001
14365.0,30,2,634.68,557,50,317.34
14366.0,161,1,136.0,16,1,136.0
14369.0,278,2,469.13,255,24,234.565
14370.0,86,6,1175.78,266,37,195.96333333333334
14372.0,79,2,860.08,378,36,430.04
14374.0,177,1,108.0,20,7,108.0
14375.0,86,2,871.26,463,128,435.63
14376.0,319,1,215.46,50,17,215.46
14378.0,257,1,131.25,57,9,131.25
14379.0,29,2,917.06,420,68,458.53
14380.0,318,1,48.96,1,1,48.96
14381.0,87,1,423.26,303,56,423.26
14382.0,26,1,578.14,436,137,578.14
14384.0,136,1,58.5,30,3,58.5
14388.0,8,9,3488.16,2419,109,387.5733333333333
14389.0,60,3,854.55,659,29,284.84999999999997
14390.0,8,5,1731.16,771,112,346.232
14391.0,212,1,135.6,168,14,135.6
14392.0,68,1,266.4,114,14,266.4
14394.0,200,1,93.8,58,6,93.8
14395.0,8,12,4630.7,2357,227,385.89166666666665
14396.0,7,6,1591.74,773,167,265.29
14398.0,37,2,707.79,267,50,353.895
14399.0,30,8,2108.21,965,119,263.52625
14400.0,44,2,1157.77,1252,47,578.885
14401.0,60,9,2744.42,1894,63,304.93555555555554
14402.0,288,1,285.6,240,8,285.6
14403.0,225,2,404.7,218,4,202.35
14404.0,5,8,1404.04,806,86,175.505
14405.0,22,1,195.0,100,2,195.0
14408.0,107,4,1503.2400000000002,828,11,375.81000000000006
14409.0,4,5,1696.64,1171,45,339.32800000000003
14410.0,12,2,1531.63,802,179,765.815
14412.0,60,1,656.16,642,41,656.16
14413.0,46,3,643.47,210,74,214.49
14414.0,10,1,902.35,365,21,902.35
14415.0,15,10,6124.52,3267,299,612.452
14417.0,23,1,524.65,543,106,524.65
14419.0,18,1,202.85,69,23,202.85
14420.0,32,3,1251.65,786,58,417.2166666666667
14421.0,148,4,1656.26,977,57,414.065
14422.0,10,13,6007.88,3161,193,462.1446153846154
14423.0,73,2,651.41,299,11,325.705
14425.0,70,3,661.39,325,35,220.46333333333334
14426.0,39,7,7246.27,4324,314,1035.1814285714286
14427.0,130,2,900.1800000000001,310,27,450.09000000000003
14429.0,39,1,516.28,286,22,516.28
14430.0,147,3,1220.9,446,29,406.9666666666667
14431.0,15,3,2143.84,1072,61,714.6133333333333
14433.0,101,1,280.7,131,72,280.7
14435.0,137,1,90.42,282,3,90.42
14436.0,189,1,182.64000000000001,168,2,182.64000000000001
14437.0,1,5,873.34,420,34,174.668
14439.0,79,4,6781.8,1718,83,1695.45
14440.0,1,9,4281.05,1167,49,475.6722222222222
14441.0,10,7,2898.8,814,71,414.11428571428576
14442.0,50,5,3777.2,949,97,755.4399999999999
14443.0,4,2,966.27,582,57,483.135
14444.0,92,1,120.44,172,11,120.44
14445.0,91,1,221.65,83,32,221.65
14446.0,22,1,189.93,175,42,189.93
14447.0,36,1,548.5,342,36,548.5
14449.0,8,5,1555.4,1005,173,311.08000000000004
14450.0,15,4,645.19,281,24,161.2975
14451.0,25,10,2614.78,1359,194,261.478
14452.0,31,2,399.9,169,62,199.95
14454.0,12,5,977.3,400,93,195.45999999999998
14455.0,68,4,617.72,706,65,154.43
14458.0,16,1,228.07,317,46,228.07
14459.0,287,1,3537.821,1543,76,3537.821
14460.0,32,6,659.16,998,23,109.86
14461.0,18,10,4573.85,2239,368,457.38500000000005
14462.0,68,1,262.24,107,48,262.24
14463.0,135,1,256.95,31,2,256.95
14464.0,204,2,111.0,62,4,55.5
14465.0,64,8,2887.4100000000003,2141,31,360.92625000000004
14466.0,8,7,2374.5,1638,71,339.2142857142857
14467.0,25,8,1606.98,911,113,200.8725
14468.0,369,1,204.24,164,12,204.24
14469.0,52,4,2093.46,973,120,523.365
14470.0,66,1,250.85,89,17,250.85
14471.0,227,2,400.95,187,38,200.475
14472.0,325,1,266.05,136,41,266.05
14474.0,215,1,711.23,308,97,711.23
14475.0,44,1,225.3,94,6,225.3
14477.0,72,3,660.0,400,3,220.0
14478.0,18,4,1276.66,1226,59,319.165
14479.0,1,3,982.86,503,121,327.62
14480.0,38,3,1020.47,527,43,340.1566666666667
14481.0,43,3,1648.18,1079,103,549.3933333333333
14482.0,15,6,2283.91,1242,91,380.65166666666664
14483.0,372,1,120.0,96,4,120.0
14484.0,37,3,749.0600000000001,534,37,249.6866666666667
14486.0,147,2,175.5,90,4,87.75
14487.0,4,2,225.89000000000001,86,32,112.94500000000001
14489.0,73,3,1111.55,712,54,370.51666666666665
14490.0,42,2,1273.47,933,72,636.735
14491.0,8,1,127.2,40,4,127.2
14492.0,66,7,1921.91,751,70,274.55857142857144
14493.0,26,5,2704.62,1863,204,540.924
14494.0,37,2,261.9,118,10,130.95
14495.0,295,1,51.0,6,1,51.0
14496.0,9,6,2129.42,832,58,354.90333333333336
14497.0,309,1,221.69,97,11,221.69
14498.0,37,5,1943.51,1022,145,388.702
14499.0,10,4,1293.3500000000001,735,86,323.33750000000003
14505.0,40,11,6019.65,2586,540,547.2409090909091
14506.0,5,3,1256.6000000000001,338,111,418.86666666666673
14507.0,14,5,1848.8600000000001,897,127,369.77200000000005
14508.0,12,3,554.87,218,100,184.95666666666668
14509.0,170,1,110.95,38,25,110.95
14510.0,11,3,979.85,793,67,326.6166666666667
14512.0,19,5,940.69,614,41,188.138
14513.0,72,3,332.42,232,5,110.80666666666667
14514.0,72,6,3389.84,1798,178,564.9733333333334
14515.0,23,6,1647.17,783,55,274.52833333333336
14516.0,152,1,151.17,63,35,151.17
14519.0,319,2,203.14,81,38,101.57
14521.0,127,1,199.45000000000002,211,17,199.45000000000002
14522.0,231,4,773.8800000000001,431,23,193.47000000000003
14524.0,45,4,1066.03,500,114,266.5075
14525.0,64,8,3810.64,2469,163,476.33
14526.0,25,1,258.65,178,41,258.65
14527.0,1,69,19257.08,4667,465,279.088115942029
14530.0,32,10,3226.76,1594,180,322.67600000000004
14531.0,115,1,376.34,260,29,376.34
14532.0,47,7,2912.93,827,188,416.1328571428571
14533.0,43,4,1516.65,2019,25,379.1625
14534.0,33,8,1790.36,795,164,223.795
14535.0,31,6,3118.39,1390,381,519.7316666666667
14537.0,259,1,285.84000000000003,108,13,285.84000000000003
14538.0,166,3,982.59,129,28,327.53000000000003
14540.0,15,8,2756.98,1184,140,344.6225
14541.0,52,6,1038.03,482,49,173.005
14543.0,16,23,10988.14,1964,80,477.7452173913043
14544.0,106,1,934.23,876,68,934.23
14545.0,310,1,349.25,236,23,349.25
14546.0,12,6,2610.91,1375,258,435.15166666666664
14548.0,120,7,1888.49,730,66,269.7842857142857
14549.0,56,3,624.36,258,70,208.12
14550.0,24,2,587.69,382,46,293.845
14551.0,47,5,691.86,380,62,138.372
14552.0,16,2,343.71,168,80,171.855
14553.0,47,4,959.33,625,141,239.8325
14555.0,17,4,1991.49,720,83,497.8725
14556.0,232,3,815.69,323,158,271.8966666666667
14558.0,290,3,655.5,162,13,218.5
14559.0,26,1,75.6,72,2,75.6
14560.0,15,22,3876.2599999999998,3320,38,176.19363636363636
14562.0,26,8,1631.38,759,116,203.9225
14563.0,145,2,640.54,279,95,320.27
14564.0,70,2,2605.62,1295,107,1302.81
14565.0,109,1,760.1,400,33,760.1
14566.0,53,3,2660.0,1600,8,886.6666666666666
14568.0,71,1,919.7,645,47,919.7
14569.0,88,3,369.94,178,21,123.31333333333333
14570.0,79,1,395.69,336,37,395.69
14571.0,61,1,160.0,56,30,160.0
14572.0,53,4,2722.34,1458,188,680.585
14573.0,8,5,925.3,275,130,185.06
14574.0,368,1,143.70000000000002,63,11,143.70000000000002
14575.0,124,1,420.22,163,71,420.22
14576.0,8,1,35.400000000000006,12,1,35.400000000000006
14577.0,30,3,504.44,216,48,168.14666666666668
14579.0,68,1,105.56,56,24,105.56
14580.0,154,1,14.850000000000001,3,1,14.850000000000001
14581.0,180,1,271.05,87,43,271.05
14583.0,19,3,673.33,320,149,224.44333333333336
14584.0,57,4,705.1,579,79,176.275
14585.0,18,4,986.22,539,64,246.555
14588.0,214,1,135.39,62,16,135.39
14589.0,7,1,39.75,5,3,39.75
14590.0,60,20,2993.37,901,124,149.6685
14593.0,33,9,3048.38,1518,324,338.7088888888889
14594.0,9,1,255.0,146,31,255.0
14595.0,89,2,423.85,250,28,211.925
14596.0,262,1,222.22000000000003,75,50,222.22000000000003
14597.0,15,4,1318.3899999999999,870,41,329.59749999999997
14598.0,205,1,162.07,165,40,162.07
14599.0,26,2,457.89,292,77,228.945
14600.0,29,1,471.84000000000003,362,29,471.84000000000003
14602.0,292,1,205.35999999999999,80,31,205.35999999999999
14604.0,269,1,143.85999999999999,88,20,143.85999999999999
14605.0,10,4,921.5600000000001,416,88,230.39000000000001
14606.0,2,102,18482.1,9287,1086,181.1970588235294
14607.0,103,8,7553.63,3809,76,944.20375
14608.0,15,7,1567.79,490,10,223.97
14609.0,26,6,884.64,5694,6,147.44
14610.0,31,2,24.35,15,10,12.175
14611.0,79,2,604.3299999999999,582,37,302.16499999999996
14612.0,51,1,877.7,134,14,877.7
14613.0,316,1,76.32000000000001,72,1,76.32000000000001
14614.0,22,1,295.13,189,19,295.13
14615.0,30,5,951.76,495,40,190.352
14616.0,21,2,121.7,66,2,60.85
14617.0,38,2,190.47000000000003,81,7,95.23500000000001
14618.0,12,4,788.88,440,33,197.22
14619.0,177,1,896.8000000000001,442,40,896.8000000000001
14621.0,147,4,1212.21,713,63,303.0525
14623.0,16,5,1130.28,607,110,226.05599999999998
14624.0,51,4,588.22,483,30,147.055
14625.0,10,9,3598.25,1820,141,399.80555555555554
14626.0,31,7,2619.65,1732,89,374.2357142857143
14627.0,15,1,462.75,284,29,462.75
14628.0,78,3,1326.04,875,52,442.0133333333333
14630.0,120,1,338.65,111,21,338.65
14631.0,22,3,1018.71,785,39,339.57
14634.0,73,4,2124.46,1906,105,531.115
14635.0,89,1,215.22,118,15,215.22
14637.0,313,1,106.67999999999999,100,7,106.67999999999999
14639.0,44,3,1994.47,979,97,664.8233333333334
14640.0,45,4,1541.98,765,91,385.495
14643.0,253,3,986.08,562,28,328.6933333333333
14644.0,50,5,1416.96,512,29,283.392
14645.0,270,1,279.8,206,18,279.8
14646.0,10,78,248396.5,170278,606,3184.5705128205127
14647.0,159,1,270.0,84,18,270.0
14648.0,52,15,4466.65,3265,286,297.77666666666664
14649.0,18,5,2248.6,1411,270,449.71999999999997
14650.0,224,1,62.5,22,4,62.5
14651.0,30,7,1371.77,537,146,195.96714285714285
14653.0,149,5,1666.41,1024,132,333.28200000000004
14654.0,374,1,246.86,273,27,246.86
14655.0,24,3,1946.28,1252,48,648.76
14656.0,51,3,498.95,189,95,166.31666666666666
14657.0,65,2,601.97,413,66,300.985
14662.0,63,3,635.06,329,70,211.68666666666664
14663.0,66,2,490.6,397,60,245.3
14665.0,63,2,913.95,404,40,456.975
14667.0,1,31,12418.01,7386,392,400.58096774193547
14668.0,81,1,111.63,49,10,111.63
14669.0,269,4,1957.54,1273,203,489.385
14670.0,368,1,190.47,97,56,190.47
14671.0,185,2,1127.45,571,48,563.725
14672.0,151,2,347.59,192,38,173.795
14673.0,3,3,1674.41,1031,65,558.1366666666667
14674.0,145,1,173.66,103,14,173.66
14675.0,24,1,419.22,324,114,419.22
14676.0,30,6,5808.55,6292,63,968.0916666666667
14677.0,228,1,184.91,139,14,184.91
14678.0,215,1,403.39,179,24,403.39
14679.0,17,3,1289.44,794,49,429.81333333333333
14680.0,7,43,28615.27,13882,205,665.4713953488372
14681.0,23,3,376.20000000000005,96,13,125.40000000000002
14682.0,64,4,1462.81,869,78,365.7025
14683.0,224,1,146.56,386,21,146.56
14684.0,26,1,228.52,184,94,228.52
14685.0,212,8,4536.64,1969,109,567.08
14686.0,50,5,852.53,457,185,170.506
14687.0,36,2,773.6800000000001,380,23,386.84000000000003
14688.0,9,8,2056.3,1911,94,257.0375
14690.0,28,2,422.63,174,43,211.315
14692.0,16,8,1123.59,625,60,140.44875
14693.0,61,6,992.46,354,39,165.41
14694.0,253,1,244.31,193,15,244.31
14695.0,155,3,1534.22,661,76,511.4066666666667
14696.0,9,2,688.95,521,41,344.475
14699.0,71,3,593.47,407,40,197.82333333333335
14700.0,51,2,880.96,292,45,440.48
14701.0,78,6,1961.02,823,230,326.83666666666664
14702.0,1,13,3427.44,1601,204,263.64923076923077
14704.0,60,2,258.96,121,53,129.48
14706.0,254,1,367.54,246,25,367.54
14707.0,71,2,139.2,96,1,69.6
14708.0,4,3,1085.91,888,14,361.97
14709.0,15,12,3965.29,1657,60,330.44083333333333
14710.0,15,9,1300.31,760,203,144.4788888888889
14712.0,54,1,411.0,96,7,411.0
14713.0,1,11,2752.5099999999998,1841,147,250.2281818181818
14714.0,43,3,746.05,413,59,248.6833333333333
14715.0,78,4,958.0699999999999,509,57,239.51749999999998
14716.0,80,1,235.77,148,44,235.77
14717.0,369,1,81.3,32,11,81.3
14718.0,46,1,226.42,202,11,226.42
14721.0,15,1,109.07,57,24,109.07
14722.0,113,2,309.1,96,53,154.55
14723.0,7,7,927.89,609,152,132.5557142857143
14724.0,226,1,341.9,184,40,341.9
14725.0,30,3,597.16,747,41,199.0533333333333
14726.0,290,1,116.5,82,15,116.5
14727.0,182,2,195.15,396,33,97.575
14728.0,49,1,190.58,68,14,190.58
14729.0,9,3,586.24,372,126,195.41333333333333
14732.0,28,11,2814.58,868,82,255.8709090909091
14733.0,3,4,6579.26,2715,90,1644.815
14734.0,61,4,1056.42,378,48,264.105
14735.0,24,24,6174.47,2249,122,257.26958333333334
14736.0,121,2,374.05,148,70,187.025
14737.0,36,1,2389.62,726,28,2389.62
14738.0,196,2,507.45,156,23,253.725
14739.0,3,19,8385.22,6352,112,441.3273684210526
14740.0,45,8,2712.85,1346,116,339.10625
14741.0,8,2,497.25,279,23,248.625
14742.0,71,1,579.85,374,34,579.85
14743.0,228,1,50.48,40,3,50.48
14744.0,2,8,2785.1,1920,45,348.1375
14745.0,137,7,1331.15,931,39,190.16428571428574
14746.0,42,4,593.5,398,7,148.375
14748.0,4,7,1736.57,1529,77,248.08142857142857
14749.0,115,1,310.15,403,18,310.15
14750.0,372,1,112.03,65,32,112.03
14751.0,320,2,126.45,65,7,63.225
14753.0,96,1,306.36,201,18,306.36
14754.0,61,4,909.88,524,82,227.47
14755.0,17,14,4962.27,2182,144,354.4478571428572
14756.0,18,2,1914.8,1007,68,957.4
14758.0,32,3,1380.9099999999999,421,52,460.3033333333333
14761.0,80,1,192.02,88,13,192.02
14762.0,262,1,117.05000000000001,87,9,117.05000000000001
14766.0,2,6,4082.76,2714,164,680.46
14767.0,110,1,382.81,117,18,382.81
14769.0,26,9,5097.13,3819,252,566.3477777777778
14770.0,103,6,2761.2200000000003,1108,119,460.2033333333334
14771.0,257,2,594.62,622,46,297.31
14773.0,228,1,140.55,53,10,140.55
14774.0,164,1,241.45,99,13,241.45
14775.0,8,1,406.56,384,20,406.56
14776.0,23,4,1170.0,1524,45,292.5
14777.0,39,1,307.56,212,16,307.56
14783.0,295,1,307.3,262,17,307.3
14784.0,25,1,159.94,126,12,159.94
14786.0,186,1,90.96,112,7,90.96
14787.0,107,1,110.65,59,14,110.65
14788.0,232,1,476.88,298,28,476.88
14790.0,10,6,1781.56,1943,52,296.9266666666667
14791.0,242,1,303.63,127,19,303.63
14793.0,171,1,396.91,270,25,396.91
14794.0,38,3,633.99,110,23,211.33
14796.0,2,11,2865.05,1627,195,260.45909090909095
14797.0,143,1,300.31,99,16,300.31
14798.0,17,5,550.5699999999999,451,22,110.11399999999999
14799.0,373,1,180.45,349,10,180.45
14800.0,5,6,3415.38,3294,175,569.23
14802.0,74,2,1502.98,2,1,751.49
14805.0,40,3,536.15,302,72,178.71666666666667
14806.0,75,1,110.03999999999999,93,9,110.03999999999999
14807.0,26,2,504.14,234,37,252.07
14809.0,257,2,686.76,232,18,343.38
14810.0,5,3,446.59,230,51,148.86333333333332
14811.0,23,1,170.5,74,28,170.5
14812.0,234,1,178.85,135,36,178.85
14813.0,5,4,888.91,392,110,222.2275
14814.0,217,1,154.21,93,28,154.21
14817.0,31,5,2849.52,1807,107,569.904
14818.0,94,3,495.76,219,52,165.25333333333333
14819.0,130,2,184.34,61,40,92.17
14820.0,16,5,767.47,471,31,153.494
14821.0,2,7,1230.15,459,65,175.7357142857143
14822.0,121,1,157.70000000000002,94,9,157.70000000000002
14824.0,15,6,2895.2000000000003,1429,76,482.53333333333336
14825.0,4,13,2698.17,1857,129,207.55153846153846
14826.0,217,2,385.2,152,10,192.6
14828.0,24,10,7699.7,7546,65,769.97
14829.0,8,4,995.29,695,61,248.8225
14831.0,316,3,1676.57,885,67,558.8566666666667
14832.0,266,1,322.69,1,1,322.69
14833.0,134,1,94.8,58,7,94.8
14834.0,43,1,485.86,138,20,485.86
14835.0,164,2,297.0,180,1,148.5
14837.0,78,5,1810.82,1594,91,362.164
14838.0,59,2,769.9200000000001,361,69,384.96000000000004
14839.0,54,3,915.28,927,61,305.0933333333333
14840.0,175,1,299.86,148,18,299.86
14841.0,10,8,3867.2400000000002,2386,129,483.40500000000003
14843.0,72,1,211.79999999999998,132,9,211.79999999999998
14844.0,66,6,3512.62,2536,98,585.4366666666666
14845.0,235,1,150.0,600,1,150.0
14846.0,63,1,437.4,193,12,437.4
14847.0,43,2,1039.55,413,47,519.775
14848.0,40,1,310.56,260,11,310.56
14849.0,9,21,7832.91,6332,182,372.99571428571426
14850.0,53,6,1445.21,1100,120,240.86833333333334
14851.0,266,1,318.06,306,14,318.06
14852.0,60,12,3295.7400000000002,2619,73,274.64500000000004
14853.0,59,3,901.0699999999999,263,19,300.3566666666666
14854.0,26,4,1563.03,1167,75,390.7575
14855.0,110,5,5874.65,3243,156,1174.9299999999998
14857.0,78,5,2478.731,1617,125,495.74620000000004
14858.0,141,1,180.75,105,11,180.75
14859.0,190,1,351.9,217,8,351.9
14861.0,16,9,1254.94,959,58,139.4377777777778
14865.0,8,3,77.52000000000001,192,3,25.840000000000003
14866.0,2,8,6460.32,2481,13,807.54
14867.0,31,13,2241.78,668,53,172.4446153846154
14868.0,16,4,1230.42,825,56,307.605
14869.0,24,4,2056.69,1581,136,514.1725
14870.0,49,5,1511.7,364,34,302.34000000000003
14871.0,129,5,726.89,267,73,145.378
14872.0,119,3,816.6,662,34,272.2
14873.0,269,1,334.45,143,21,334.45
14874.0,171,1,116.18,148,6,116.18
14875.0,77,1,1397.08,774,42,1397.08
14876.0,157,2,256.7,162,12,128.35
14877.0,54,2,425.85,168,57,212.925
14878.0,12,16,2600.41,1617,122,162.525625
14879.0,320,1,185.06,104,27,185.06
14882.0,26,12,2956.9500000000003,1456,31,246.41250000000002
14884.0,305,1,120.6,72,8,120.6
14885.0,63,2,832.8,584,16,416.4
14890.0,254,2,691.6,585,49,345.8
14891.0,52,2,552.35,283,29,276.175
14892.0,326,1,202.35000000000002,79,13,202.35000000000002
14893.0,253,1,571.76,248,33,571.76
14894.0,79,2,837.0600000000001,338,23,418.53000000000003
14895.0,19,18,13980.83,5863,265,776.7127777777778
14896.0,1,7,1614.45,836,140,230.6357142857143
14897.0,45,4,1774.16,694,61,443.54
14898.0,7,9,2195.14,1224,124,243.90444444444444
14899.0,31,1,1331.38,570,126,1331.38
14900.0,158,1,13.919999999999998,48,1,13.919999999999998
14901.0,2,5,860.11,387,60,172.022
14902.0,31,2,702.96,498,34,351.48
14904.0,44,2,605.05,537,62,302.525
14905.0,10,6,1355.24,722,39,225.87333333333333
14906.0,81,1,68.44,1,1,68.44
14907.0,3,10,2664.69,1126,79,266.469
14908.0,99,1,104.10000000000001,50,5,104.10000000000001
14909.0,73,3,1404.68,888,61,468.2266666666667
14911.0,1,205,152121.22,69709,1741,742.054731707317
14912.0,37,4,1021.4,848,28,255.35
14913.0,24,4,2845.7,2212,124,711.425
14915.0,11,9,1503.77,595,56,167.08555555555554
14916.0,67,4,1773.97,1279,52,443.4925
14917.0,232,2,1123.75,891,29,561.875
14918.0,40,7,4345.66,1876,64,620.8085714285714
14919.0,175,1,359.35,129,13,359.35
14920.0,201,1,629.4,377,40,629.4
14922.0,29,2,843.74,376,49,421.87
14924.0,246,2,620.96,248,20,310.48
14926.0,17,2,359.4,204,2,179.7
14927.0,32,1,308.2,196,20,308.2
14928.0,263,1,223.91000000000003,268,21,223.91000000000003
14929.0,57,1,612.8100000000001,351,23,612.8100000000001
14930.0,106,3,2873.77,1033,129,957.9233333333333
14932.0,1,2,666.13,257,29,333.065
14933.0,79,4,1770.0,600,1,442.5
14934.0,14,3,1612.56,1058,66,537.52
14935.0,255,1,1065.12,996,16,1065.12
14936.0,26,4,4273.79,2189,129,1068.4475
14938.0,198,2,2322.43,1369,71,1161.215
14940.0,53,2,531.49,384,32,265.745
14941.0,214,1,182.1,80,7,182.1
14942.0,37,4,746.56,354,12,186.64
14943.0,299,1,107.62,46,5,107.62
14944.0,25,7,3884.42,2049,110,554.9171428571428
14945.0,49,1,179.4,156,11,179.4
14947.0,24,4,758.97,237,37,189.7425
14949.0,105,4,515.0,250,16,128.75
14952.0,32,21,9529.86,3622,141,453.8028571428572
14953.0,54,3,685.65,790,153,228.54999999999998
14954.0,339,1,167.27,92,41,167.27
14955.0,368,1,163.77,74,30,163.77
14956.0,57,1,1325.0,2500,4,1325.0
14957.0,280,1,203.2,63,15,203.2
14958.0,231,3,458.26,120,26,152.75333333333333
14961.0,15,13,9365.47,4664,212,720.4207692307692
14962.0,175,3,240.21000000000004,79,9,80.07000000000001
14963.0,15,7,1651.23,1128,193,235.89000000000001
14966.0,23,5,881.24,881,93,176.248
14967.0,77,5,1518.81,512,19,303.762
14968.0,94,1,353.65,130,47,353.65
14969.0,339,1,906.23,665,13,906.23
14970.0,45,8,3327.29,732,54,415.91125
14972.0,17,1,30.300000000000004,12,2,30.300000000000004
14975.0,57,1,192.45,127,15,192.45
14977.0,361,1,31.929999999999996,17,4,31.929999999999996
14978.0,66,5,1190.82,213,56,238.164
14979.0,371,1,429.66,209,42,429.66
14980.0,373,1,150.68,79,24,150.68
14981.0,59,1,270.8,144,14,270.8
14982.0,208,1,237.78,125,39,237.78
14983.0,325,1,183.20000000000002,90,30,183.20000000000002
14984.0,24,4,1058.1399999999999,290,11,264.53499999999997
14986.0,12,2,563.1,338,87,281.55
14987.0,1,7,1387.4499999999998,543,4,198.20714285714283
14988.0,16,6,1704.11,1119,140,284.0183333333333
14989.0,297,1,342.4,200,18,342.4
14990.0,248,2,304.17,129,41,152.085
14991.0,66,1,314.67,191,21,314.67
14992.0,78,1,210.5,145,27,210.5
14993.0,199,1,36.13,21,9,36.13
14994.0,18,5,946.72,568,233,189.344
14996.0,117,2,442.28999999999996,404,37,221.14499999999998
14997.0,291,1,230.4,288,12,230.4
14998.0,64,2,338.31,94,49,169.155
14999.0,228,1,129.48000000000002,88,9,129.48000000000002
15001.0,30,2,199.10999999999999,70,44,99.55499999999999
15002.0,3,6,3127.9700000000003,1631,172,521.3283333333334
15003.0,109,6,1027.03,525,253,171.17166666666665
15005.0,2,29,7681.71,4554,409,264.8865517241379
15006.0,89,1,277.4,101,47,277.4
15008.0,116,2,360.0,1500,6,180.0
15011.0,31,2,416.6,289,17,208.3
15012.0,9,2,429.78,242,107,214.89
15013.0,123,10,1610.82,1715,177,161.082
15015.0,137,13,2354.97,1584,158,181.15153846153845
15016.0,29,4,450.85,167,77,112.7125
15018.0,3,1,111.25,21,5,111.25
15020.0,15,1,198.47,111,27,198.47
15021.0,2,4,826.91,350,154,206.7275
15022.0,313,1,281.05,113,19,281.05
15023.0,5,10,5287.64,2157,264,528.764
15024.0,3,8,2414.18,1281,120,301.7725
15025.0,204,1,617.83,319,72,617.83
15026.0,11,2,579.89,370,65,289.945
15027.0,31,6,2129.45,2217,46,354.9083333333333
15028.0,4,3,521.78,333,45,173.92666666666665
15029.0,255,1,365.1,234,10,365.1
15030.0,16,6,1461.63,853,19,243.60500000000002
15031.0,30,10,2449.75,1176,187,244.975
15032.0,2,7,8821.55,5291,39,1260.2214285714285
15034.0,22,6,3957.04,2335,231,659.5066666666667
15037.0,12,2,397.76,298,40,198.88
15038.0,5,4,579.67,212,119,144.9175
15039.0,4,47,19960.3,8905,389,424.6872340425532
15040.0,177,1,7.49,1,1,7.49
15041.0,80,1,109.47,91,35,109.47
15042.0,231,1,179.52,208,4,179.52
15043.0,99,5,2333.3199999999997,719,39,466.66399999999993
15044.0,15,18,8389.42,2456,202,466.0788888888889
15046.0,61,10,2533.37,1213,139,253.337
15048.0,4,1,98.7,32,23,98.7
15050.0,57,2,2349.5,1384,58,1174.75
15051.0,15,6,2543.55,2042,113,423.925
15055.0,110,3,549.12,225,77,183.04
15056.0,156,1,113.64999999999999,69,6,113.64999999999999
15057.0,79,3,1766.46,726,38,588.82
15058.0,12,5,1285.04,591,52,257.008
15059.0,12,10,2153.48,995,210,215.348
15061.0,3,86,83284.38,51791,116,968.423023255814
15062.0,59,4,1597.76,1109,75,399.44
15064.0,46,4,1254.41,810,75,313.6025
15065.0,46,1,168.73,63,11,168.73
15067.0,49,2,2118.12,1197,94,1059.06
15068.0,54,2,621.54,468,104,310.77
15070.0,8,3,737.0500000000001,339,26,245.68333333333337
15071.0,22,2,473.49,147,27,236.745
15072.0,115,1,187.51999999999998,164,13,187.51999999999998
15073.0,36,5,1744.61,919,89,348.92199999999997
15074.0,65,2,817.46,608,31,408.73
15076.0,128,2,566.89,295,30,283.445
15077.0,130,2,2428.08,528,28,1214.04
15078.0,4,23,8018.77,3885,58,348.6421739130435
15079.0,1,8,2871.74,1115,83,358.9675
15080.0,63,2,546.25,287,31,273.125
15081.0,3,8,1460.92,616,58,182.615
15082.0,304,1,93.35000000000001,43,6,93.35000000000001
15084.0,15,2,965.2,600,31,482.6
15085.0,365,1,347.54,169,9,347.54
15086.0,200,2,218.53,95,10,109.265
15091.0,310,2,565.9,236,27,282.95
15092.0,98,1,318.65,95,19,318.65
15093.0,8,18,9729.09,7897,86,540.505
15094.0,99,2,83.0,28,4,41.5
15095.0,56,6,1771.04,1154,60,295.17333333333335
15097.0,219,2,660.27,254,39,330.135
15100.0,2,6,2018.6999999999998,254,11,336.45
15101.0,151,4,1160.41,435,48,290.1025
15102.0,166,2,554.67,339,26,277.335
15105.0,66,2,795.98,536,50,397.99
15107.0,8,4,620.85,187,28,155.2125
15109.0,215,2,498.15000000000003,127,18,249.07500000000002
15110.0,39,2,509.75,91,14,254.875
15111.0,8,3,1163.39,454,60,387.7966666666667
15112.0,247,1,209.4,72,7,209.4
15114.0,19,2,639.56,436,33,319.78
15115.0,368,1,191.74,88,14,191.74
15117.0,84,3,934.19,1145,46,311.3966666666667
15122.0,58,8,2853.4900000000002,1233,107,356.68625000000003
15123.0,57,3,2456.86,1329,66,818.9533333333334
15124.0,112,2,266.63,229,16,133.315
15125.0,115,9,5496.39,2240,72,610.71
15126.0,172,2,449.49,273,25,224.745
15127.0,155,1,304.97,213,12,304.97
15128.0,66,1,312.68,240,21,312.68
15129.0,21,12,3412.78,2208,56,284.39833333333337
15131.0,30,1,80.28,88,7,80.28
15133.0,18,2,824.48,280,20,412.24
15134.0,17,2,208.3,170,12,104.15
15135.0,192,1,166.63,41,11,166.63
15137.0,156,2,823.4,596,34,411.7
15138.0,29,1,502.52,300,31,502.52
15140.0,78,1,889.44,438,32,889.44
15141.0,93,7,1388.47,1197,44,198.35285714285715
15142.0,46,5,2121.18,1790,97,424.236
15143.0,68,1,304.18,170,17,304.18
15144.0,15,12,5579.87,2201,98,464.9891666666667
15149.0,212,4,1033.81,252,44,258.4525
15150.0,92,3,3686.61,2525,231,1228.8700000000001
15151.0,59,2,2085.61,795,56,1042.805
15152.0,337,1,518.14,290,29,518.14
15154.0,114,2,1089.44,244,101,544.72
15155.0,19,1,383.96999999999997,192,24,383.96999999999997
15157.0,205,2,718.04,1074,27,359.02
15158.0,37,1,204.62,21,4,204.62
15159.0,31,4,3475.7200000000003,2071,91,868.9300000000001
15160.0,10,3,431.11,223,16,143.70333333333335
15161.0,24,1,119.92,144,33,119.92
15162.0,367,1,312.9,74,12,312.9
15164.0,25,6,1203.53,561,193,200.58833333333334
15165.0,9,1,487.75,160,27,487.75
15166.0,103,1,167.16,140,12,167.16
15167.0,43,4,1468.82,798,233,367.205
15169.0,18,2,569.22,356,58,284.61
15170.0,42,1,81.15,33,4,81.15
15173.0,16,7,1494.6,840,68,213.5142857142857
15174.0,46,1,345.71,237,23,345.71
15176.0,303,1,988.04,448,52,988.04
15177.0,61,1,948.93,485,26,948.93
15179.0,28,8,5284.97,3478,154,660.62125
15180.0,3,3,816.9300000000001,654,46,272.31
15181.0,56,2,510.72,144,4,255.36
15182.0,21,9,2376.1020000000003,933,68,264.01133333333337
15183.0,183,3,639.93,297,33,213.30999999999997
15184.0,23,2,283.19,263,19,141.595
15186.0,110,3,991.7900000000001,501,22,330.5966666666667
15188.0,361,1,310.43,233,23,310.43
15189.0,17,5,1298.99,753,20,259.798
15190.0,70,1,834.4399999999999,790,40,834.4399999999999
15191.0,99,3,588.05,287,33,196.01666666666665
15192.0,1,3,937.07,726,40,312.3566666666667
15194.0,4,14,4811.16,3466,105,343.6542857142857
15196.0,68,2,313.7,130,34,156.85
15197.0,30,3,797.9,589,23,265.96666666666664
15198.0,44,3,377.71,207,20,125.90333333333332
15199.0,10,6,1853.7,498,17,308.95
15200.0,130,1,549.05,195,30,549.05
15201.0,75,2,606.4100000000001,450,23,303.20500000000004
15202.0,56,3,6001.49,3,1,2000.4966666666667
15203.0,26,9,2572.38,2429,108,285.82
15207.0,52,3,683.9200000000001,428,19,227.97333333333336
15208.0,59,1,100.4,40,6,100.4
15209.0,366,1,178.98000000000002,94,13,178.98000000000002
15210.0,14,2,845.01,613,46,422.505
15211.0,1,1,383.07,117,23,383.07
15212.0,12,1,106.47999999999999,48,5,106.47999999999999
15215.0,29,4,1687.49,551,59,421.8725
15216.0,254,1,389.49,189,22,389.49
15217.0,199,1,426.24,190,28,426.24
15218.0,25,11,5711.9400000000005,3201,95,519.2672727272728
15219.0,284,1,379.7,226,17,379.7
15221.0,2,4,2062.2000000000003,244,21,515.5500000000001
15222.0,108,10,2965.91,4018,97,296.591
15223.0,245,3,662.2,172,12,220.73333333333335
15224.0,148,3,549.28,291,19,183.09333333333333
15227.0,32,4,1269.0900000000001,467,54,317.27250000000004
15228.0,64,2,2193.56,1120,94,1096.78
15229.0,222,1,160.5,114,9,160.5
15231.0,257,1,250.26,190,14,250.26
15233.0,37,1,59.400000000000006,12,1,59.400000000000006
15235.0,5,6,690.3000000000001,411,43,115.05000000000001
15240.0,10,7,2753.41,1845,97,393.3442857142857
15241.0,66,3,1293.72,1510,56,431.24
15242.0,58,1,302.04,196,4,302.04
15243.0,71,1,610.6,358,39,610.6
15244.0,302,1,280.51,67,14,280.51
15245.0,38,5,2095.0,1237,36,419.0
15246.0,191,1,266.25,112,18,266.25
15247.0,113,2,620.06,354,10,310.03
15248.0,47,3,1893.93,1065,103,631.3100000000001
15249.0,66,5,2577.54,1403,122,515.508
15250.0,276,1,60.0,48,3,60.0
15251.0,50,10,9839.55,5937,99,983.9549999999999
15252.0,57,3,1362.63,908,73,454.21000000000004
15253.0,39,3,1136.89,722,58,378.96333333333337
15254.0,182,2,787.99,436,46,393.995
15255.0,32,8,2815.17,1725,101,351.89625
15256.0,197,1,71.95,37,4,71.95
15257.0,50,1,368.75,25,5,368.75
15259.0,148,4,1182.3799999999999,631,50,295.59499999999997
15260.0,8,20,7377.46,3837,161,368.873
15261.0,17,3,1253.18,536,70,417.7266666666667
15262.0,16,2,239.87,145,14,119.935
15264.0,166,1,454.66,178,32,454.66
15265.0,240,2,1839.52,958,109,919.76
15266.0,15,4,732.91,218,36,183.2275
15268.0,114,3,961.9000000000001,428,21,320.6333333333334
15269.0,16,2,816.56,346,32,408.28
15270.0,36,14,6145.37,2489,55,438.955
15271.0,1,10,2146.95,1239,248,214.695
15272.0,86,4,1309.01,355,209,327.2525
15273.0,235,1,228.96,216,1,228.96
15276.0,30,3,491.17,256,115,163.72333333333333
15277.0,61,1,220.44,168,14,220.44
15278.0,197,4,496.15999999999997,458,29,124.03999999999999
15279.0,16,4,1290.03,613,58,322.5075
15280.0,124,2,284.4,353,39,142.2
15281.0,14,7,6211.42,4022,337,887.3457142857143
15282.0,206,1,348.59,395,27,348.59
15283.0,26,3,148.33,27,9,49.443333333333335
15284.0,136,1,24.75,5,1,24.75
15285.0,43,1,94.92,120,6,94.92
15287.0,15,3,369.34000000000003,577,13,123.11333333333334
15288.0,1,6,1574.51,627,78,262.41833333333335
15289.0,94,2,653.3100000000001,619,33,326.65500000000003
15290.0,29,8,2553.06,2066,34,319.1325
15291.0,9,26,9178.26,2914,80,353.01
15293.0,301,1,247.5,178,19,247.5
15294.0,46,1,233.35,97,15,233.35
15295.0,290,1,207.04,139,50,207.04
15296.0,56,6,6650.17,3686,253,1108.3616666666667
15298.0,2,12,4659.47,3170,145,388.2891666666667
15299.0,8,6,3484.5299999999997,2505,5,580.755
15301.0,4,6,2533.09,1515,106,422.1816666666667
15302.0,366,1,308.0,102,15,308.0
15303.0,201,2,650.16,266,36,325.08
15304.0,4,2,225.15,29,5,112.575
15305.0,191,1,93.6,40,5,93.6
15306.0,136,6,2310.38,2264,80,385.06333333333333
15309.0,246,4,797.96,440,49,199.49
15310.0,114,1,1634.64,1476,45,1634.64
15311.0,1,121,55942.74,32784,594,462.336694214876
15312.0,19,8,2005.3400000000001,1177,90,250.66750000000002
15314.0,49,2,492.47999999999996,437,25,246.23999999999998
15317.0,313,1,129.75,45,5,129.75
15321.0,73,9,3961.42,2472,186,440.15777777777777
15322.0,112,1,711.18,555,41,711.18
15323.0,198,3,434.6,188,29,144.86666666666667
15324.0,337,1,140.22000000000003,74,8,140.22000000000003
15325.0,31,7,1439.72,1151,141,205.67428571428573
15326.0,245,4,1388.81,965,78,347.2025
15328.0,43,1,107.24,88,8,107.24
15329.0,10,8,1909.13,731,60,238.64125
15331.0,135,3,767.91,701,41,255.97
15332.0,2,6,4892.68,2306,113,815.4466666666667
15336.0,37,1,240.5,84,15,240.5
15337.0,47,1,373.02,200,21,373.02
15338.0,313,1,277.93,148,56,277.93
15339.0,57,5,1246.95,722,108,249.39000000000001
15340.0,197,1,105.5,76,7,105.5
15341.0,85,1,382.2,196,7,382.2
15346.0,61,2,343.7,116,20,171.85
15347.0,2,4,1162.0,542,29,290.5
15350.0,9,2,547.6,272,26,273.8
15351.0,5,4,1770.23,737,103,442.5575
15352.0,184,1,111.15,40,34,111.15
15353.0,3,6,2336.0,1181,247,389.3333333333333
15354.0,239,3,284.4,3,1,94.8
15356.0,4,4,664.66,324,153,166.165
15358.0,1,22,8703.210000000001,8328,264,395.60045454545457
15359.0,298,8,181.35,145,10,22.66875
15361.0,162,3,270.15000000000003,37,3,90.05000000000001
15362.0,84,2,613.08,368,38,306.54
15363.0,8,2,678.11,383,32,339.055
15365.0,39,6,2242.81,1047,82,373.8016666666667
15366.0,45,5,1786.57,1826,67,357.31399999999996
15367.0,54,7,3203.74,1887,148,457.6771428571428
15368.0,30,1,275.8,176,4,275.8
15369.0,128,11,6251.26,3288,44,568.2963636363637
15370.0,46,1,1352.96,567,50,1352.96
15371.0,298,1,59.400000000000006,12,1,59.400000000000006
15372.0,86,7,4009.66,3486,19,572.8085714285714
15373.0,7,6,1002.9300000000001,268,49,167.155
15374.0,260,1,139.32,164,6,139.32
15375.0,326,1,60.959999999999994,84,6,60.959999999999994
15377.0,18,4,1211.75,253,15,302.9375
15378.0,98,2,246.5,130,8,123.25
15379.0,36,1,1174.55,695,69,1174.55
15380.0,1,7,1788.8,656,6,255.54285714285714
15381.0,59,3,1293.72,631,16,431.24
15382.0,10,6,7777.84,5166,196,1296.3066666666666
15384.0,17,2,1385.38,1171,70,692.69
15385.0,28,2,625.2,267,8,312.6
15387.0,128,1,468.65,335,20,468.65
15389.0,36,4,2233.8,3540,2,558.45
15390.0,32,2,1216.66,894,77,608.33
15391.0,220,1,289.87,109,12,289.87
15392.0,10,3,1376.0900000000001,867,48,458.6966666666667
15393.0,203,3,659.48,228,29,219.82666666666668
15394.0,31,7,3103.26,1462,101,443.3228571428572
15396.0,219,1,508.20000000000005,156,2,508.20000000000005
15400.0,56,3,586.1,272,11,195.36666666666667
15401.0,88,2,216.95000000000002,93,14,108.47500000000001
15402.0,23,4,1203.77,1340,58,300.9425
15403.0,127,2,170.88,492,6,85.44
15404.0,11,1,257.06,334,16,257.06
15405.0,212,1,310.74,155,22,310.74
15406.0,89,2,465.15999999999997,293,66,232.57999999999998
15409.0,357,1,131.25,59,9,131.25
15410.0,204,2,1234.88,702,32,617.44
15413.0,327,5,6798.72,2694,20,1359.7440000000001
15416.0,114,3,588.5,330,36,196.16666666666666
15418.0,61,2,449.42,264,64,224.71
15420.0,70,6,743.0,844,52,123.83333333333333
15421.0,21,6,2854.98,1427,160,475.83
15422.0,15,5,1522.27,672,79,304.454
15423.0,217,2,223.39,97,12,111.695
15424.0,99,1,214.44,319,16,214.44
15425.0,36,4,1941.1200000000001,1041,114,485.28000000000003
15426.0,5,5,1134.85,534,199,226.96999999999997
15428.0,23,3,668.97,245,35,222.99
15430.0,103,2,954.75,309,36,477.375
15431.0,138,1,153.24,84,2,153.24
15432.0,177,1,149.57,27,6,149.57
15434.0,10,6,1525.5800000000002,776,60,254.26333333333335
15437.0,276,1,193.29000000000002,98,12,193.29000000000002
15439.0,40,4,1269.05,572,49,317.2625
15441.0,32,3,1254.21,587,45,418.07
15443.0,110,7,1900.64,1060,212,271.52000000000004
15445.0,226,1,171.0,60,9,171.0
15446.0,12,3,399.75,265,90,133.25
15447.0,163,4,337.71000000000004,143,20,84.42750000000001
15448.0,310,1,294.17,255,21,294.17
15451.0,70,2,226.86,76,56,113.43
15452.0,26,3,1256.63,807,126,418.8766666666667
15454.0,254,1,126.89,60,15,126.89
15455.0,233,1,38.25,3,2,38.25
15456.0,39,7,1656.93,2094,105,236.70428571428573
15458.0,38,1,208.79999999999998,144,6,208.79999999999998
15459.0,53,2,202.82999999999998,121,6,101.41499999999999
15461.0,96,2,429.7,230,1,214.85
15462.0,81,1,502.45,323,30,502.45
15465.0,5,15,5281.53,1506,77,352.102
15466.0,25,3,1225.93,695,172,408.6433333333334
15468.0,28,1,962.97,1245,56,962.97
15469.0,74,1,335.7,134,19,335.7
15470.0,211,1,63.419999999999995,232,4,63.419999999999995
15471.0,16,2,837.53,414,67,418.765
15473.0,80,1,274.8,104,3,274.8
15474.0,231,1,150.35,55,19,150.35
15476.0,16,4,2209.98,1174,67,552.495
15477.0,285,1,368.4,216,2,368.4
15478.0,211,1,583.56,319,24,583.56
15479.0,369,1,147.4,38,9,147.4
15480.0,101,4,5373.5,1549,162,1343.375
15481.0,37,1,1993.34,1450,38,1993.34
15482.0,22,7,3537.6,1512,41,505.37142857142857
15483.0,21,6,592.56,614,149,98.75999999999999
15484.0,176,2,1061.69,924,53,530.845
15485.0,9,5,3186.01,1263,45,637.202
15486.0,163,1,102.0,40,1,102.0
15487.0,315,1,231.32,144,14,231.32
15488.0,92,4,340.6,178,8,85.15
15489.0,36,5,1285.3300000000002,656,43,257.06600000000003
15490.0,66,1,210.85,82,22,210.85
15493.0,25,4,2168.27,655,201,542.0675
15494.0,114,3,2422.02,1913,219,807.34
15495.0,15,1,246.5,194,20,246.5
15496.0,267,1,146.14000000000001,98,22,146.14000000000001
15497.0,18,7,7395.19,2313,61,1056.4557142857143
15498.0,2,19,12633.18,6493,340,664.9042105263158
15499.0,359,1,158.65,59,40,158.65
15501.0,40,2,399.95,205,64,199.975
15502.0,4,5,3548.34,1613,114,709.668
15503.0,362,1,116.26,60,50,116.26
15504.0,156,3,349.87,108,33,116.62333333333333
15506.0,17,3,1058.25,795,82,352.75
15509.0,16,1,152.41,58,26,152.41
15512.0,26,2,210.58,167,22,105.29
15513.0,1,18,12992.33,5122,154,721.7961111111111
15514.0,15,7,2368.34,1989,97,338.3342857142857
15515.0,23,1,171.81,131,7,171.81
15518.0,15,7,2268.44,1547,166,324.0628571428571
15519.0,19,2,344.61,116,34,172.305
15521.0,36,8,4098.04,2671,121,512.255
15523.0,24,15,16847.18,15501,63,1123.1453333333334
15524.0,242,1,151.4,24,8,151.4
15525.0,9,2,430.78,253,66,215.39
15527.0,30,15,3126.36,1220,119,208.424
15529.0,2,2,1116.72,992,133,558.36
15530.0,148,1,311.37,390,31,311.37
15532.0,12,6,2174.12,822,281,362.3533333333333
15534.0,361,1,162.25,63,8,162.25
15535.0,40,2,541.47,179,50,270.735
15536.0,45,1,259.09,242,16,259.09
15538.0,173,6,3358.3999999999996,1016,3,559.7333333333332
15540.0,11,1,247.38,244,16,247.38
15542.0,148,3,855.71,418,212,285.2366666666667
15543.0,95,1,114.4,81,28,114.4
15544.0,8,12,4615.72,3910,125,384.6433333333334
15545.0,7,1,135.32999999999998,75,31,135.32999999999998
15546.0,242,2,1079.1000000000001,198,6,539.5500000000001
15547.0,12,12,5146.45,3279,365,428.87083333333334
15548.0,231,1,158.09,64,23,158.09
15549.0,57,5,652.7,242,43,130.54000000000002
15550.0,14,8,1635.42,844,138,204.4275
15551.0,30,6,1243.75,578,95,207.29166666666666
15552.0,259,1,162.4,106,13,162.4
15555.0,1,22,7267.83,4579,437,330.3559090909091
15558.0,275,1,202.68,73,23,202.68
15559.0,204,1,1109.4,526,62,1109.4
15560.0,33,2,153.52,72,10,76.76
15561.0,19,4,1133.8,1067,44,283.45
15562.0,60,2,536.88,521,31,268.44
15563.0,150,3,1459.02,1504,111,486.34
15564.0,99,2,70.74000000000001,42,4,35.370000000000005
15566.0,28,2,227.87,153,9,113.935
15569.0,26,5,2207.74,1068,102,441.54799999999994
15570.0,5,14,5105.32,2181,302,364.6657142857143
15571.0,22,10,3241.92,2147,410,324.192
15572.0,16,3,1431.78,876,113,477.26
15573.0,254,3,597.23,415,104,199.07666666666668
15574.0,8,3,774.84,577,159,258.28000000000003
15575.0,255,1,30.1,6,3,30.1
15577.0,359,2,137.15,31,20,68.575
15579.0,19,3,923.03,596,106,307.6766666666667
15580.0,12,8,1375.39,955,150,171.92375
15581.0,2,26,4076.9700000000003,2849,456,156.80653846153848
15583.0,12,1,95.96,56,37,95.96
15584.0,35,2,547.34,170,93,273.67
15586.0,228,3,1139.1,1338,30,379.7
15587.0,28,3,608.4000000000001,216,3,202.80000000000004
15588.0,313,1,579.6,96,4,579.6
15590.0,18,5,1496.6,832,75,299.32
15591.0,218,3,217.9,58,6,72.63333333333334
15595.0,123,1,357.6,144,4,357.6
15596.0,1,5,1723.45,815,65,344.69
15597.0,211,1,238.8,114,15,238.8
15598.0,63,1,307.34,244,22,307.34
15599.0,81,1,488.32,380,31,488.32
15600.0,64,4,1199.31,657,55,299.8275
15601.0,8,17,8183.56,6078,161,481.3858823529412
15602.0,4,8,1932.64,1212,47,241.58
15603.0,284,1,40.0,32,2,40.0
15605.0,9,5,738.57,271,37,147.714
15606.0,26,8,2310.83,723,47,288.85375
15607.0,179,8,1604.21,1268,83,200.52625
15608.0,51,1,692.3,548,45,692.3
15611.0,19,13,1405.83,243,24,108.14076923076922
15613.0,246,1,433.71999999999997,700,27,433.71999999999997
15614.0,73,4,3147.36,1632,73,786.84
15615.0,26,24,10974.23,6582,193,457.2595833333333
15616.0,74,1,317.11,137,13,317.11
15617.0,32,3,828.5500000000001,485,41,276.18333333333334
15620.0,45,1,389.18,334,29,389.18
15622.0,63,8,4143.05,2417,197,517.88125
15623.0,29,7,2136.02,962,77,305.1457142857143
15625.0,12,5,1702.1399999999999,1832,78,340.428
15626.0,57,1,391.72,372,31,391.72
15627.0,93,2,566.9,344,23,283.45
15628.0,2,9,2782.02,1925,86,309.11333333333334
15629.0,86,4,2240.9,1518,39,560.225
15630.0,280,1,295.05,187,20,295.05
15631.0,278,1,596.67,525,39,596.67
15633.0,145,13,4335.96,2048,77,333.5353846153846
15634.0,19,1,311.1,128,19,311.1
15635.0,31,1,100.35,5,2,100.35
15636.0,73,2,719.82,276,27,359.91
15637.0,49,4,574.23,523,23,143.5575
15638.0,14,6,2265.2,1134,20,377.5333333333333
15639.0,87,2,639.76,526,40,319.88
15640.0,8,15,11411.92,5748,139,760.7946666666667
15641.0,32,8,3458.35,2860,168,432.29375
15642.0,365,1,105.78000000000002,270,6,105.78000000000002
15645.0,50,2,443.16,140,16,221.58
15646.0,8,3,526.97,657,50,175.65666666666667
15647.0,51,1,169.0,124,11,169.0
15649.0,3,3,1354.35,293,8,451.45
15650.0,157,2,553.88,210,33,276.94
15651.0,56,2,612.76,392,28,306.38
15652.0,23,4,1068.2,449,76,267.05
15658.0,8,4,1399.3700000000001,449,58,349.84250000000003
15659.0,22,2,226.04,50,8,113.02
15660.0,1,7,1212.13,843,44,173.1614285714286
15661.0,15,6,906.15,543,26,151.025
15662.0,297,2,283.73,145,12,141.865
15664.0,85,3,867.6,373,46,289.2
15665.0,47,3,1764.86,1123,122,588.2866666666666
15666.0,108,2,632.9399999999999,469,62,316.46999999999997
15670.0,192,1,152.15,41,7,152.15
15672.0,361,1,45.300000000000004,10,3,45.300000000000004
15673.0,87,5,3478.09,1823,95,695.618
15674.0,53,8,4501.63,2373,199,562.70375
15675.0,40,1,218.35,97,14,218.35
15677.0,57,2,648.4,356,32,324.2
15678.0,31,2,1473.24,838,67,736.62
15680.0,2,8,3173.9,2122,128,396.7375
15681.0,15,9,1563.54,576,23,173.72666666666666
15682.0,235,2,318.24,222,25,159.12
15683.0,109,1,330.79,201,16,330.79
15684.0,183,3,173.95,77,9,57.98333333333333
15685.0,86,1,55.980000000000004,36,17,55.980000000000004
15686.0,56,1,90.0,72,1,90.0
15688.0,54,1,190.57,95,26,190.57
15689.0,253,1,266.93,123,15,266.93
15691.0,30,3,434.5,140,10,144.83333333333334
15693.0,295,1,37.5,30,1,37.5
15694.0,1,12,4331.41,981,43,360.9508333333333
15695.0,233,2,721.06,272,35,360.53
15696.0,59,5,1170.1100000000001,371,36,234.02200000000002
15697.0,325,1,246.75,127,14,246.75
15698.0,260,1,46.2,60,2,46.2
15702.0,112,2,140.39000000000001,103,30,70.19500000000001
15704.0,138,2,1441.04,681,75,720.52
15708.0,5,3,969.19,369,57,323.06333333333333
15709.0,225,1,194.6,48,20,194.6
15710.0,53,1,898.87,641,110,898.87
15711.0,192,2,420.25,199,25,210.125
15712.0,15,7,2400.05,791,69,342.86428571428576
15713.0,2,3,654.09,360,39,218.03
15714.0,89,3,453.93,175,14,151.31
15715.0,191,5,658.02,246,33,131.60399999999998
15716.0,5,8,1913.55,1070,141,239.19375
15717.0,57,4,456.70000000000005,154,13,114.17500000000001
15718.0,176,1,293.79,95,18,293.79
15719.0,17,18,5165.9,2638,283,286.9944444444444
15720.0,186,1,140.49,46,25,140.49
15722.0,81,6,3022.79,1256,74,503.79833333333335
15723.0,47,3,740.0,354,77,246.66666666666666
15724.0,36,1,92.6,44,6,92.6
15726.0,26,1,321.91,123,23,321.91
15727.0,23,8,4212.65,2845,278,526.58125
15728.0,15,2,544.6,132,10,272.3
15729.0,36,2,107.55000000000001,19,5,53.775000000000006
15730.0,17,2,605.7,372,40,302.85
15731.0,189,1,125.3,122,8,125.3
15732.0,8,9,1387.95,1146,53,154.21666666666667
15734.0,72,2,923.85,170,14,461.925
15735.0,57,1,327.68,206,19,327.68
15736.0,71,2,1767.12,1208,95,883.56
15738.0,8,26,8560.550000000001,6303,64,329.2519230769231
15741.0,94,2,208.62,70,11,104.31
15742.0,255,1,156.87,51,41,156.87
15747.0,11,6,1553.17,878,78,258.8616666666667
15748.0,85,2,465.45000000000005,211,16,232.72500000000002
15750.0,2,12,4330.461,2806,250,360.87175
15751.0,96,11,1380.44,443,90,125.49454545454546
15752.0,8,3,1557.96,985,174,519.32
15754.0,129,6,2579.04,1563,90,429.84
15755.0,15,11,3628.87,2607,181,329.8972727272727
15757.0,22,4,2225.94,1266,127,556.485
15759.0,147,4,577.8900000000001,463,7,144.47250000000003
15760.0,266,2,13916.34,2,1,6958.17
15761.0,78,1,143.05,31,5,143.05
15764.0,70,2,1223.1100000000001,895,69,611.5550000000001
15765.0,302,1,370.63,335,25,370.63
15766.0,92,2,516.0,164,15,258.0
15768.0,112,31,14687.06,3971,416,473.77612903225804
15769.0,7,21,32451.6,19432,11,1545.3142857142857
15770.0,248,1,321.45,67,18,321.45
15771.0,240,3,1006.54,512,26,335.5133333333333
15772.0,54,1,280.88,110,16,280.88
15773.0,45,1,138.84,99,37,138.84
15774.0,54,5,1017.54,378,69,203.50799999999998
15775.0,267,1,45.6,192,2,45.6
15777.0,32,3,715.5,221,15,238.5
15778.0,67,1,307.95,101,17,307.95
15779.0,99,2,124.08000000000001,20,8,62.040000000000006
15782.0,66,1,1399.36,980,18,1399.36
15784.0,103,2,848.3299999999999,381,33,424.16499999999996
15785.0,15,11,3640.96,2867,78,330.99636363636364
15786.0,53,2,3582.62,2617,166,1791.31
15788.0,144,1,221.82999999999998,115,14,221.82999999999998
15789.0,67,5,1610.71,2061,90,322.142
15791.0,165,3,1995.65,1239,73,665.2166666666667
15792.0,35,2,933.84,606,57,466.92
15793.0,14,5,1433.96,1132,9,286.79200000000003
15794.0,372,2,777.0,288,15,388.5
15795.0,66,7,1369.8600000000001,830,74,195.69428571428574
15796.0,10,9,2463.02,873,107,273.6688888888889
15797.0,217,2,613.6800000000001,408,4,306.84000000000003
15798.0,128,3,1535.37,915,73,511.78999999999996
15799.0,54,1,537.1999999999999,386,54,537.1999999999999
15800.0,89,5,530.18,243,97,106.03599999999999
15803.0,81,3,1513.84,740,42,504.6133333333333
15805.0,21,13,4660.75,2838,176,358.5192307692308
15807.0,44,2,913.62,1102,40,456.81
15808.0,5,18,14482.03,5775,314,804.5572222222222
15809.0,95,2,758.67,399,22,379.335
15810.0,22,4,1607.06,792,48,401.765
15811.0,1,2,1557.38,805,120,778.69
15812.0,71,7,3400.33,2528,57,485.76142857142855
15814.0,29,2,689.11,457,23,344.555
15816.0,178,2,144.14999999999998,54,11,72.07499999999999
15817.0,56,3,2766.4,1596,133,922.1333333333333
15818.0,224,1,340.5,284,11,340.5
15819.0,67,6,2029.34,1571,110,338.2233333333333
15822.0,129,4,954.59,575,25,238.6475
15823.0,8,3,3882.17,1774,155,1294.0566666666666
15824.0,89,2,890.94,478,24,445.47
15826.0,204,1,943.97,861,51,943.97
15827.0,8,16,1957.98,942,73,122.37375
15828.0,11,1,1108.82,367,74,1108.82
15833.0,373,1,80.4,24,5,80.4
15834.0,12,3,1539.24,854,105,513.08
15837.0,121,1,385.03000000000003,216,28,385.03000000000003
15838.0,3,16,40519.92,46296,11,2532.495
15841.0,22,5,1518.35,1449,41,303.66999999999996
15842.0,29,2,548.8,296,24,274.4
15845.0,172,3,714.51,202,36,238.17
15846.0,21,1,107.01,79,27,107.01
15847.0,64,3,433.3,194,22,144.43333333333334
15848.0,257,1,137.99,45,34,137.99
15850.0,12,4,771.87,1036,197,192.9675
15851.0,162,1,109.73,67,8,109.73
15852.0,162,1,96.55,12,11,96.55
15854.0,12,9,2609.16,765,83,289.90666666666664
15855.0,112,1,340.48,242,15,340.48
15856.0,1,26,17703.63,9359,182,680.9088461538462
15857.0,66,1,273.48,276,10,273.48
15858.0,3,9,2508.77,1751,203,278.7522222222222
15859.0,68,1,438.46,174,22,438.46
15860.0,4,10,1498.8,894,169,149.88
15861.0,92,4,1222.28,1309,191,305.57
15862.0,9,10,2033.64,1059,351,203.364
15863.0,253,3,286.26,143,56,95.42
15864.0,17,1,244.44000000000003,294,3,244.44000000000003
15865.0,49,2,1346.29,773,86,673.145
15867.0,5,17,5224.81,3061,371,307.3417647058824
15868.0,219,1,94.53,57,4,94.53
15869.0,262,1,171.47,98,18,171.47
15870.0,32,3,506.02,171,61,168.67333333333332
15871.0,73,1,33.099999999999994,5,5,33.099999999999994
15872.0,14,2,413.0,280,70,206.5
15873.0,135,4,313.91999999999996,1152,3,78.47999999999999
15874.0,23,14,6878.88,2568,168,491.34857142857146
15875.0,282,1,108.52,74,18,108.52
15876.0,45,2,1449.1399999999999,886,11,724.5699999999999
15878.0,197,2,330.77,243,47,165.385
15879.0,40,4,1137.8,639,171,284.45
15880.0,5,1,329.03000000000003,202,95,329.03000000000003
15882.0,4,6,979.62,538,45,163.27
15884.0,68,2,244.60000000000002,152,14,122.30000000000001
15885.0,19,12,1572.47,511,68,131.03916666666666
15886.0,52,3,871.78,520,47,290.5933333333333
15887.0,42,3,1027.15,605,27,342.3833333333334
15888.0,36,2,260.85,63,24,130.425
15889.0,5,7,1279.6,735,237,182.79999999999998
15890.0,30,5,535.65,119,10,107.13
15892.0,305,1,128.2,46,38,128.2
15893.0,117,1,305.28000000000003,288,1,305.28000000000003
15894.0,5,1,151.44,111,32,151.44
15898.0,3,22,4129.26,1820,277,187.6936363636364
15899.0,4,1,56.25,39,4,56.25
15900.0,49,3,549.29,440,68,183.09666666666666
15901.0,87,4,335.99,316,49,83.9975
15902.0,16,1,145.01,124,18,145.01
15903.0,14,5,3813.0800000000004,1516,20,762.6160000000001
15905.0,179,1,114.69,82,22,114.69
15906.0,10,3,962.5,205,41,320.8333333333333
15908.0,126,2,758.62,173,37,379.31
15910.0,36,7,1432.29,1145,244,204.61285714285714
15911.0,259,8,1700.24,810,162,212.53
15912.0,72,7,810.08,574,66,115.72571428571429
15913.0,170,1,6.300000000000001,3,1,6.300000000000001
15914.0,14,2,205.99,149,13,102.995
15915.0,37,1,364.45,414,105,364.45
15916.0,2,7,1874.83,931,139,267.8328571428571
15917.0,242,4,407.07,206,115,101.7675
15918.0,267,1,248.65,87,21,248.65
15919.0,4,1,214.07999999999998,175,38,214.07999999999998
15920.0,60,5,401.64,139,42,80.328
15921.0,32,3,452.23,173,52,150.74333333333334
15922.0,9,1,369.5,138,11,369.5
15923.0,8,1,127.08,122,21,127.08
15924.0,367,1,102.82,103,14,102.82
15926.0,178,1,134.44,155,7,134.44
15927.0,283,1,106.54,66,13,106.54
15928.0,292,1,293.53,164,11,293.53
15929.0,280,1,594.0,120,1,594.0
15931.0,64,1,239.9,118,14,239.9
15934.0,53,2,2190.66,2166,29,1095.33
15936.0,15,2,282.79,211,16,141.395
15938.0,92,4,330.23,209,19,82.5575
15939.0,10,1,2945.38,1532,41,2945.38
15941.0,273,1,405.0,60,6,405.0
15943.0,285,2,271.28999999999996,183,12,135.64499999999998
15944.0,29,3,1839.1399999999999,809,25,613.0466666666666
15945.0,1,4,646.27,345,24,161.5675
15946.0,138,3,2304.18,1614,25,768.06
15948.0,60,1,553.85,285,35,553.85
15950.0,11,6,5376.2,2635,182,896.0333333333333
15951.0,17,1,304.95,107,18,304.95
15953.0,5,11,1990.8,950,61,180.98181818181817
15954.0,225,1,190.75,119,20,190.75
15955.0,8,9,4242.1,2078,115,471.3444444444445
15956.0,187,2,617.6,278,18,308.8
15957.0,56,2,492.36,242,88,246.18
15958.0,39,3,357.77,121,45,119.25666666666666
15959.0,318,3,542.89,269,58,180.96333333333334
15960.0,10,4,410.95,258,24,102.7375
15961.0,15,1,451.28999999999996,154,42,451.28999999999996
15962.0,85,1,289.48,228,43,289.48
15964.0,299,1,269.21000000000004,93,20,269.21000000000004
15965.0,3,10,2119.26,953,144,211.92600000000002
15966.0,86,1,426.53000000000003,275,27,426.53000000000003
15967.0,15,10,2568.32,978,270,256.832
15968.0,24,1,404.55,247,70,404.55
15969.0,61,2,460.95,99,15,230.475
15970.0,234,1,703.22,382,13,703.22
15971.0,21,6,1702.98,534,3,283.83
15972.0,92,5,1769.33,468,104,353.866
15973.0,2,3,680.62,195,8,226.87333333333333
15976.0,46,4,1266.77,778,203,316.6925
15978.0,68,2,2180.64,1556,72,1090.32
15979.0,238,1,329.22,450,22,329.22
15980.0,126,4,4144.82,3262,65,1036.205
15981.0,37,13,5954.29,2961,106,458.02230769230766
15982.0,241,1,324.51,131,45,324.51
15983.0,1,6,2458.9,1540,111,409.81666666666666
15984.0,4,21,5735.09,3971,290,273.0995238095238
15985.0,72,5,1572.8600000000001,1664,34,314.572
15986.0,17,1,186.3,100,11,186.3
15987.0,4,2,216.7,152,47,108.35
15988.0,187,2,582.11,296,93,291.055
15989.0,11,2,368.31,169,81,184.155
15990.0,130,5,1205.64,643,86,241.12800000000001
15991.0,170,1,150.55,41,6,150.55
15992.0,32,2,854.61,497,51,427.305
15994.0,47,2,761.4100000000001,289,69,380.70500000000004
15995.0,50,1,694.54,352,108,694.54
15996.0,2,2,617.07,358,68,308.535
15998.0,29,11,5193.92,3318,502,472.17454545454547
15999.0,371,1,20.4,24,1,20.4
16001.0,17,1,583.39,337,29,583.39
16002.0,261,1,169.21,70,42,169.21
16003.0,17,5,2878.46,1025,89,575.692
16004.0,110,5,2146.39,1076,63,429.27799999999996
16005.0,11,6,1786.78,989,170,297.7966666666667
16006.0,23,1,231.42,121,67,231.42
16007.0,19,3,1359.25,1243,206,453.0833333333333
16008.0,18,12,4860.35,2914,58,405.0291666666667
16010.0,12,8,1302.46,717,69,162.8075
16011.0,2,14,2486.0,1413,142,177.57142857142858
16012.0,37,2,1563.3,961,138,781.65
16013.0,7,39,20009.84,10344,30,513.0728205128205
16014.0,44,2,453.45,204,127,226.725
16016.0,2,4,980.91,417,87,245.2275
16017.0,53,4,1333.7,533,81,333.425
16018.0,32,2,289.23,313,26,144.615
16019.0,17,18,13542.92,5226,156,752.3844444444444
16021.0,31,2,487.03,276,117,243.515
16024.0,47,2,232.96,107,21,116.48
16027.0,93,9,1113.74,952,11,123.74888888888889
16028.0,231,1,82.2,18,5,82.2
16029.0,8,47,41184.3,16278,26,876.2617021276596
16032.0,92,6,1965.72,1467,130,327.62
16033.0,5,8,1985.6299999999999,723,173,248.20374999999999
16034.0,30,3,473.62,343,28,157.87333333333333
16035.0,196,1,217.73,33,21,217.73
16036.0,60,2,1797.92,653,79,898.96
16037.0,180,2,654.32,338,32,327.16
16039.0,59,2,456.4,409,27,228.2
16040.0,66,4,1103.35,501,50,275.8375
16042.0,15,3,1067.85,687,50,355.95
16043.0,15,4,1082.6000000000001,508,29,270.65000000000003
16044.0,71,1,340.84000000000003,170,19,340.84000000000003
16045.0,52,4,2094.23,1211,59,523.5575
16046.0,198,1,235.78,248,22,235.78
16047.0,318,1,107.14,1,1,107.14
16048.0,9,4,818.7900000000001,425,30,204.69750000000002
16049.0,11,3,777.34,369,175,259.11333333333334
16050.0,19,2,162.8,110,9,81.4
16051.0,317,1,188.44,80,12,188.44
16053.0,49,4,2122.89,1274,101,530.7225
16054.0,54,3,1327.98,411,49,442.66
16057.0,155,3,1591.73,828,91,530.5766666666667
16058.0,42,1,62.7,18,2,62.7
16059.0,3,7,1718.66,841,145,245.52285714285716
16060.0,36,3,541.95,243,22,180.65
16061.0,67,1,89.65,19,3,89.65
16062.0,15,4,1709.83,1235,100,427.4575
16064.0,361,1,109.31,55,17,109.31
16065.0,1,8,1992.13,1207,214,249.01625
16067.0,198,3,3269.11,1236,60,1089.7033333333334
16068.0,229,1,115.73,48,34,115.73
16069.0,53,1,457.7,138,25,457.7
16071.0,163,3,750.5600000000001,517,47,250.1866666666667
16072.0,64,3,3595.77,1440,399,1198.59
16074.0,26,1,252.5,38,23,252.5
16075.0,138,2,736.9300000000001,271,41,368.46500000000003
16077.0,261,1,2300.4,840,8,2300.4
16078.0,305,1,283.79,184,38,283.79
16080.0,21,2,385.40000000000003,170,20,192.70000000000002
16081.0,2,4,1637.14,757,144,409.285
16082.0,306,1,106.75,39,16,106.75
16083.0,18,2,1033.8,606,38,516.9
16085.0,16,7,1359.52,746,168,194.21714285714285
16086.0,3,6,1743.6,1015,59,290.59999999999997
16087.0,25,5,1739.92,664,6,347.98400000000004
16088.0,211,2,1437.43,373,3,718.715
16089.0,22,2,263.49,119,42,131.745
16090.0,260,1,180.56,58,18,180.56
16092.0,140,3,770.08,560,28,256.6933333333333
16094.0,11,7,2617.33,1373,74,373.9042857142857
16095.0,92,1,447.05,265,30,447.05
16096.0,52,3,1264.3500000000001,545,49,421.45000000000005
16098.0,9,8,2435.67,1529,70,304.45875
16099.0,53,4,841.3,526,21,210.325
16100.0,98,1,582.64,438,37,582.64
16101.0,70,3,1938.46,1087,94,646.1533333333333
16103.0,25,16,4762.07,2081,92,297.629375
16104.0,54,8,2476.25,925,162,309.53125
16105.0,74,4,2049.23,1795,80,512.3075
16108.0,70,3,1393.42,858,79,464.47333333333336
16109.0,334,1,327.6,480,13,327.6
16110.0,158,1,460.64,160,84,460.64
16111.0,64,1,549.33,233,72,549.33
16115.0,33,4,892.92,595,99,223.23
16117.0,38,2,422.19,191,46,211.095
16118.0,288,1,4376.25,2851,41,4376.25
16119.0,30,6,1297.45,571,31,216.24166666666667
16120.0,58,2,1658.3700000000001,1283,60,829.1850000000001
16121.0,26,3,595.38,303,112,198.46
16122.0,2,3,316.92,270,15,105.64
16124.0,54,3,1523.49,749,57,507.83
16125.0,3,14,4292.35,1819,168,306.5964285714286
16126.0,15,11,8356.83,4015,122,759.7118181818182
16127.0,362,1,145.06,68,35,145.06
16128.0,16,6,1920.83,1457,82,320.1383333333333
16129.0,43,3,1396.05,1261,91,465.34999999999997
16130.0,58,4,987.48,296,53,246.87
16131.0,11,6,6450.88,2966,105,1075.1466666666668
16132.0,180,2,664.1999999999999,280,14,332.09999999999997
16133.0,12,23,8403.22,4766,129,365.3573913043478
16134.0,59,3,1527.25,1266,69,509.0833333333333
16135.0,219,1,301.9,186,18,301.9
16136.0,299,1,237.42,234,9,237.42
16137.0,316,1,422.7,210,28,422.7
16138.0,14,3,910.35,774,35,303.45
16139.0,358,2,475.74,272,23,237.87
16140.0,7,2,832.4200000000001,646,33,416.21000000000004
16141.0,53,1,335.54,172,20,335.54
16143.0,5,7,2485.89,1092,71,355.1271428571428
16145.0,24,8,3005.9500000000003,2147,110,375.74375000000003
16146.0,84,1,212.25,117,12,212.25
16147.0,36,4,2023.91,1149,101,505.9775
16148.0,72,1,310.3,178,8,310.3
16149.0,65,1,141.70000000000002,290,12,141.70000000000002
16150.0,8,6,2342.57,1117,90,390.42833333333334
16153.0,56,6,3309.2599999999998,2620,106,551.5433333333333
16155.0,17,5,796.9,495,45,159.38
16156.0,18,11,3096.14,1932,101,281.4672727272727
16158.0,158,9,628.32,182,29,69.81333333333333
16159.0,106,3,884.59,399,25,294.86333333333334
16161.0,4,25,7210.59,3760,282,288.4236
16163.0,1,5,1992.98,576,59,398.596
16165.0,141,1,79.9,2,1,79.9
16166.0,64,2,435.83,173,18,217.915
16167.0,50,5,1386.1200000000001,1494,51,277.22400000000005
16168.0,5,40,6848.87,3207,104,171.22175
16170.0,31,14,4983.95,4286,187,355.99642857142857
16172.0,109,3,744.34,632,41,248.11333333333334
16174.0,127,4,1237.2,780,15,309.3
16175.0,107,3,798.85,399,32,266.28333333333336
16176.0,57,4,2052.69,952,53,513.1725
16177.0,72,7,1915.36,926,66,273.62285714285713
16178.0,37,1,414.7,210,17,414.7
16180.0,114,5,5995.69,3946,106,1199.138
16182.0,74,5,3354.0,2096,8,670.8
16183.0,30,3,739.1,238,17,246.36666666666667
16185.0,200,1,115.31,61,9,115.31
16186.0,8,15,5019.17,3805,121,334.61133333333333
16188.0,44,1,105.80000000000001,56,7,105.80000000000001
16190.0,30,7,2508.4700000000003,1143,88,358.3528571428572
16191.0,11,11,10497.300000000001,5997,54,954.3000000000001
16192.0,371,1,351.3,208,11,351.3
16193.0,46,1,315.98,160,19,315.98
16194.0,11,1,308.59999999999997,140,8,308.59999999999997
16195.0,359,1,323.25,123,16,323.25
16196.0,124,1,93.3,26,4,93.3
16197.0,105,9,2016.71,1420,52,224.07888888888888
16198.0,73,1,629.36,255,18,629.36
16199.0,28,7,942.75,321,2,134.67857142857142
16200.0,18,10,4539.23,2552,241,453.92299999999994
16201.0,51,1,248.65,135,13,248.65
16202.0,53,8,2136.72,1116,92,267.09
16203.0,8,3,521.64,345,41,173.88
16204.0,16,2,534.53,453,47,267.265
16205.0,32,3,1062.48,936,89,354.16
16206.0,23,9,2052.81,1107,139,228.09
16208.0,30,8,2776.19,1208,141,347.02375
16209.0,18,4,1884.16,716,17,471.04
16210.0,4,19,17403.21,6704,103,915.9584210526315
16211.0,57,2,543.5699999999999,365,12,271.78499999999997
16212.0,254,2,603.37,327,36,301.685
16214.0,71,1,975.5,888,54,975.5
16218.0,9,7,1355.29,1149,62,193.61285714285714
16219.0,136,1,40.8,48,1,40.8
16221.0,3,7,1325.8,787,104,189.4
16222.0,357,1,498.5,138,23,498.5
16223.0,10,2,1087.05,643,101,543.525
16224.0,23,1,321.24,439,20,321.24
16225.0,38,10,1762.99,788,122,176.299
16226.0,14,2,417.05,329,20,208.525
16227.0,130,2,713.0,346,23,356.5
16228.0,21,3,885.71,555,45,295.2366666666667
16229.0,17,4,1857.26,974,109,464.315
16231.0,15,4,1074.47,563,69,268.6175
16232.0,56,3,1722.09,1299,49,574.03
16233.0,2,7,1429.03,515,35,204.14714285714285
16234.0,112,3,333.18,170,13,111.06
16235.0,11,4,1186.4,458,55,296.6
16237.0,73,1,136.65,57,7,136.65
16238.0,58,1,63.66,85,6,63.66
16239.0,18,4,1078.0,464,9,269.5
16241.0,5,4,1680.2,912,264,420.05
16242.0,17,7,3824.79,1952,249,546.3985714285715
16244.0,8,1,1056.63,619,63,1056.63
16246.0,95,2,821.35,336,79,410.675
16250.0,9,2,401.94,168,22,200.97
16251.0,148,1,128.31,44,20,128.31
16252.0,18,1,295.09000000000003,158,21,295.09000000000003
16253.0,56,5,3588.34,2797,144,717.668
16254.0,14,3,967.44,543,65,322.48
16255.0,1,8,2284.34,1282,136,285.5425
16256.0,129,2,876.9399999999999,1009,16,438.46999999999997
16258.0,23,10,6739.01,4206,166,673.9010000000001
16259.0,46,3,340.94,143,75,113.64666666666666
16261.0,22,2,312.62,153,41,156.31
16262.0,14,1,755.15,446,46,755.15
16263.0,59,1,348.16,197,19,348.16
16264.0,74,2,823.53,616,62,411.765
16265.0,22,3,1488.17,568,67,496.0566666666667
16266.0,59,7,896.06,393,41,128.00857142857143
16267.0,227,1,186.66,198,7,186.66
16269.0,73,1,717.57,579,53,717.57
16271.0,93,5,1993.18,1335,116,398.636
16273.0,284,2,318.34000000000003,40,15,159.17000000000002
16274.0,9,1,351.75,153,64,351.75
16275.0,110,2,1591.24,932,76,795.62
16276.0,115,2,1818.79,1047,16,909.395
16277.0,369,1,188.69,33,23,188.69
16278.0,116,2,551.46,228,30,275.73
16279.0,21,6,4195.5,2637,165,699.25
16280.0,361,1,238.05,101,16,238.05
16281.0,59,2,1361.96,636,19,680.98
16282.0,123,2,1139.28,676,21,569.64
16283.0,54,3,2779.51,1631,277,926.5033333333334
16284.0,29,1,205.8,139,30,205.8
16285.0,282,1,176.9,60,31,176.9
16286.0,113,2,328.95,101,17,164.475
16287.0,12,4,864.48,1128,18,216.12
16288.0,106,1,129.85,19,7,129.85
16289.0,98,1,136.31,97,21,136.31
16290.0,100,4,1957.7,957,85,489.425
16291.0,318,1,117.72,1,1,117.72
16292.0,16,4,951.51,497,38,237.8775
16293.0,3,6,2408.96,1040,94,401.49333333333334
16294.0,112,1,126.05000000000001,54,8,126.05000000000001
16296.0,262,4,1313.67,645,56,328.4175
16298.0,33,4,487.5,110,16,121.875
16299.0,113,1,193.65,107,12,193.65
16300.0,66,3,1367.32,643,190,455.7733333333333
16301.0,372,1,107.33,41,6,107.33
16303.0,28,4,2567.64,1200,66,641.91
16304.0,330,1,381.66,228,25,381.66
16306.0,3,2,560.55,255,27,280.275
16307.0,65,3,1194.92,1123,69,398.3066666666667
16308.0,42,3,2560.0,8000,1,853.3333333333334
16310.0,50,2,460.08,270,26,230.04
16312.0,68,1,171.15,53,10,171.15
16314.0,25,3,1491.4,636,58,497.1333333333334
16315.0,172,1,176.34,68,9,176.34
16316.0,16,5,2806.0,1573,115,561.2
16317.0,186,2,850.86,346,47,425.43
16320.0,89,4,4590.53,2587,138,1147.6325
16321.0,262,2,230.9,124,10,115.45
16323.0,213,1,146.16,96,3,146.16
16325.0,60,9,3003.26,2270,99,333.6955555555556
16326.0,19,10,1682.03,401,122,168.203
16327.0,5,11,6874.97,5956,244,624.9972727272727
16328.0,199,1,310.83,141,16,310.83
16329.0,63,4,1664.92,797,83,416.23
16330.0,60,4,373.46999999999997,179,71,93.36749999999999
16331.0,68,6,2037.7,756,33,339.6166666666667
16332.0,67,4,417.21000000000004,331,41,104.30250000000001
16334.0,128,1,263.73,206,54,263.73
16335.0,187,7,2753.52,1004,193,393.36
16336.0,56,4,3517.69,1473,64,879.4225
16340.0,75,2,961.93,833,170,480.965
16341.0,73,3,1878.92,1624,67,626.3066666666667
16343.0,43,1,285.54,170,28,285.54
16344.0,145,3,741.3199999999999,688,42,247.10666666666665
16345.0,119,1,613.33,323,68,613.33
16346.0,21,1,224.51,289,15,224.51
16347.0,24,9,2595.51,1374,167,288.39000000000004
16348.0,66,1,328.77,359,29,328.77
16350.0,10,5,1137.42,532,49,227.484
16351.0,47,12,3176.13,2075,123,264.6775
16353.0,5,16,3323.75,1525,46,207.734375
16354.0,15,3,723.66,442,87,241.22
16355.0,11,1,416.35,179,47,416.35
16356.0,12,3,204.10000000000002,97,17,68.03333333333335
16357.0,17,1,209.49,143,13,209.49
16358.0,30,1,892.1500000000001,763,45,892.1500000000001
16359.0,12,7,946.83,581,52,135.26142857142858
16362.0,73,1,212.17,127,13,212.17
16365.0,3,7,1766.78,631,63,252.39714285714285
16366.0,218,3,1220.83,626,57,406.9433333333333
16367.0,19,1,549.8100000000001,460,90,549.8100000000001
16368.0,71,1,141.53,56,20,141.53
16369.0,72,4,1111.15,559,36,277.7875
16371.0,84,1,157.2,108,11,157.2
16372.0,45,3,934.58,564,203,311.5266666666667
16373.0,18,2,309.49,119,25,154.745
16374.0,38,3,1256.67,534,210,418.89000000000004
16375.0,106,2,104.0,74,11,52.0
16377.0,253,1,632.28,1428,5,632.28
16381.0,31,2,247.85,108,60,123.925
16382.0,44,2,353.1,167,42,176.55
16383.0,32,5,2252.93,1129,198,450.58599999999996
16384.0,65,2,774.4499999999999,601,48,387.22499999999997
16385.0,2,3,473.69,285,64,157.89666666666668
16386.0,23,1,765.59,495,54,765.59
16387.0,31,4,788.1,404,68,197.025
16388.0,289,1,186.05,83,13,186.05
16390.0,172,3,467.5,122,16,155.83333333333334
16391.0,36,4,1052.26,715,261,263.065
16392.0,49,2,538.81,403,92,269.405
16393.0,5,11,2441.61,1514,247,221.96454545454546
16395.0,29,9,2036.35,1429,319,226.2611111111111
16396.0,112,1,137.8,80,8,137.8
16397.0,264,1,123.13,43,9,123.13
16399.0,25,1,222.20000000000002,189,37,222.20000000000002
16400.0,31,8,2755.92,1894,187,344.49
16401.0,15,11,2750.83,2153,76,250.07545454545453
16402.0,5,1,205.65,102,53,205.65
16406.0,86,2,374.01,141,85,187.005
16407.0,25,4,681.97,355,43,170.4925
16408.0,227,1,231.93,227,45,231.93
16409.0,16,7,3629.76,2360,277,518.5371428571428
16410.0,370,1,130.32,348,5,130.32
16411.0,5,3,673.24,399,119,224.41333333333333
16412.0,29,4,457.2,225,72,114.3
16413.0,11,1,259.83,135,32,259.83
16414.0,67,3,424.96000000000004,174,54,141.65333333333334
16415.0,219,2,496.49,330,78,248.245
16416.0,26,6,1906.48,1526,92,317.74666666666667
16417.0,128,1,35.7,6,1,35.7
16418.0,44,2,397.62,284,55,198.81
16419.0,213,2,504.99,273,34,252.495
16420.0,32,1,75.0,120,2,75.0
16421.0,12,3,526.27,123,35,175.42333333333332
16422.0,5,59,28904.670000000002,32569,96,489.9096610169492
16424.0,18,1,309.5,124,8,309.5
16428.0,49,3,638.49,575,121,212.83
16430.0,17,6,817.09,204,17,136.18166666666667
16433.0,44,1,200.26,108,17,200.26
16434.0,82,5,1161.89,550,55,232.37800000000001
16435.0,148,3,1003.0699999999999,608,119,334.3566666666666
16436.0,304,3,319.14,227,37,106.38
16437.0,17,2,301.25,197,17,150.625
16439.0,358,1,310.70000000000005,74,9,310.70000000000005
16440.0,129,1,216.3,90,25,216.3
16441.0,53,3,637.93,305,55,212.64333333333332
16442.0,240,2,282.68,137,74,141.34
16443.0,156,1,162.24,96,1,162.24
16444.0,26,13,2971.21,1538,159,228.55461538461537
16445.0,22,3,352.65,176,93,117.55
16447.0,226,2,471.19,94,27,235.595
16448.0,107,1,178.13,100,31,178.13
16450.0,220,2,1193.81,481,27,596.905
16451.0,197,2,746.1800000000001,404,50,373.09000000000003
16452.0,266,2,332.17,199,14,166.085
16453.0,166,2,251.71,139,15,125.855
16454.0,242,2,24.05,6,2,12.025
16455.0,7,6,2535.69,2113,85,422.615
16456.0,9,9,4630.16,2541,188,514.4622222222222
16458.0,11,12,2208.15,1241,66,184.01250000000002
16459.0,365,1,71.78999999999999,59,5,71.78999999999999
16461.0,226,2,1402.91,885,196,701.455
16465.0,56,2,746.24,504,45,373.12
16466.0,19,8,2171.13,992,134,271.39125
16467.0,144,7,2869.16,7384,14,409.88
16468.0,106,2,712.62,340,37,356.31
16469.0,150,1,178.48000000000002,72,23,178.48000000000002
16470.0,32,7,1664.08,813,211,237.72571428571428
16471.0,29,3,966.03,529,40,322.01
16472.0,70,2,789.6,252,39,394.8
16473.0,10,1,154.72,100,10,154.72
16476.0,67,1,350.35,187,24,350.35
16477.0,7,5,1825.56,1217,96,365.11199999999997
16481.0,318,1,453.38,201,16,453.38
16485.0,68,4,1923.54,918,93,480.885
16486.0,173,1,134.36,24,7,134.36
16487.0,213,2,209.4,163,28,104.7
16489.0,16,2,303.7,38,4,151.85
16490.0,72,1,205.41000000000003,113,13,205.41000000000003
16491.0,49,1,801.66,582,48,801.66
16492.0,176,1,385.56,235,23,385.56
16493.0,80,3,780.46,824,50,260.15333333333336
16496.0,67,3,731.25,653,42,243.75
16497.0,49,17,3729.59,1654,147,219.38764705882355
16499.0,10,6,2212.89,1237,100,368.815
16500.0,10,3,443.05,263,19,147.68333333333334
16501.0,19,1,1191.23,628,181,1191.23
16502.0,256,2,258.55,220,41,129.275
16503.0,31,7,2182.41,966,113,311.7728571428571
16507.0,208,1,142.71,111,37,142.71
16508.0,266,1,240.95,103,42,240.95
16510.0,8,6,1777.5,930,94,296.25
16511.0,33,3,842.16,364,123,280.71999999999997
16515.0,15,5,1554.92,747,106,310.98400000000004
16518.0,57,2,475.05,197,28,237.525
16519.0,1,3,327.68,120,25,109.22666666666667
16520.0,1,4,1427.57,704,201,356.8925
16521.0,51,3,1140.11,1014,212,380.03666666666663
16522.0,71,2,433.36,212,16,216.68
16523.0,51,7,2497.86,714,61,356.83714285714285
16524.0,82,2,306.19,259,50,153.095
16525.0,2,23,11535.29,7231,86,501.534347826087
16526.0,220,1,426.85,173,20,426.85
16527.0,60,1,1004.88,602,58,1004.88
16529.0,113,3,1531.55,541,72,510.51666666666665
16530.0,304,1,48.349999999999994,17,3,48.349999999999994
16531.0,17,4,1053.74,948,55,263.435
16532.0,67,2,2007.84,528,1,1003.92
16534.0,278,1,635.9,168,36,635.9
16535.0,21,2,378.28999999999996,308,36,189.14499999999998
16537.0,277,1,23.35,59,3,23.35
16538.0,177,3,395.07,254,35,131.69
16539.0,9,7,2343.2,838,76,334.74285714285713
16540.0,50,1,205.75,105,25,205.75
16541.0,371,1,424.03,173,38,424.03
16542.0,37,1,137.7,96,9,137.7
16543.0,227,1,292.21,317,18,292.21
16544.0,155,4,376.70000000000005,150,8,94.17500000000001
16545.0,11,1,350.52,244,5,350.52
16546.0,8,4,4819.32,3818,56,1204.83
16547.0,182,1,104.25999999999999,108,25,104.25999999999999
16548.0,235,1,30.15,6,6,30.15
16549.0,33,24,8746.9,4793,646,364.45416666666665
16550.0,4,14,7069.27,4122,209,504.9478571428572
16551.0,59,4,1315.0,1106,44,328.75
16552.0,9,1,95.29,39,5,95.29
16553.0,32,21,10864.19,11827,149,517.342380952381
16554.0,22,5,2004.6200000000001,944,80,400.92400000000004
16555.0,141,4,1629.79,1641,46,407.4475
16556.0,11,10,4698.79,2463,183,469.879
16558.0,2,19,5535.02,2711,194,291.31684210526316
16559.0,33,1,175.0,61,17,175.0
16560.0,33,6,2206.9700000000003,1103,102,367.8283333333334
16562.0,112,1,223.85999999999999,264,34,223.85999999999999
16563.0,36,5,3334.82,2098,46,666.964
16564.0,205,1,87.8,40,5,87.8
16565.0,42,3,599.35,165,7,199.78333333333333
16568.0,63,2,1020.9000000000001,366,5,510.45000000000005
16569.0,267,4,1331.03,895,23,332.7575
16570.0,15,10,3695.91,2180,66,369.591
16571.0,31,7,2827.05,2464,103,403.86428571428576
16574.0,59,2,850.34,586,58,425.17
16576.0,56,2,540.87,323,32,270.435
16577.0,302,1,380.0,142,23,380.0
16578.0,262,1,156.6,108,9,156.6
16579.0,61,1,295.05,119,14,295.05
16583.0,9,2,297.95,153,18,148.975
16584.0,68,3,2220.09,1267,46,740.0300000000001
16585.0,229,2,341.59,151,16,170.795
16586.0,80,2,998.83,253,19,499.415
16588.0,22,4,1361.28,882,64,340.32
16589.0,86,1,153.12,168,11,153.12
16590.0,36,2,605.9,240,26,302.95
16592.0,11,12,3694.23,2577,124,307.8525
16593.0,26,5,741.11,261,40,148.222
16595.0,12,4,1397.59,996,286,349.3975
16596.0,2,3,329.48,130,17,109.82666666666667
16599.0,21,1,172.8,159,12,172.8
16600.0,10,7,1339.89,1275,61,191.41285714285715
16601.0,26,2,434.3,258,38,217.15
16602.0,24,1,235.25,93,11,235.25
16604.0,198,2,432.45,175,10,216.225
16605.0,360,1,60.48,144,1,60.48
16606.0,40,2,357.66,148,16,178.83
16607.0,35,11,2359.16,1577,99,214.4690909090909
16608.0,89,2,1286.6200000000001,612,94,643.3100000000001
16611.0,39,5,1655.64,827,79,331.12800000000004
16612.0,15,5,2057.77,913,71,411.554
16614.0,38,2,673.6,126,20,336.8
16615.0,262,1,291.5,211,19,291.5
16619.0,19,3,1712.1200000000001,922,93,570.7066666666667
16620.0,25,4,1579.97,1058,70,394.9925
16622.0,179,1,225.4,44,12,225.4
16623.0,37,3,885.79,403,40,295.2633333333333
16625.0,58,4,1320.95,893,69,330.2375
16628.0,43,2,130.05,55,8,65.025
16630.0,43,1,106.80000000000001,72,4,106.80000000000001
16631.0,117,7,1892.52,775,46,270.36
16632.0,121,2,406.4,256,22,203.2
16634.0,8,5,1596.71,1239,72,319.342
16635.0,42,1,473.0,277,25,473.0
16636.0,74,4,3802.04,2186,62,950.51
16638.0,4,6,749.8100000000001,396,44,124.96833333333335
16639.0,45,1,490.47,241,31,490.47
16640.0,33,1,179.4,146,13,179.4
16641.0,337,1,323.40000000000003,198,24,323.40000000000003
16642.0,51,1,389.12,296,20,389.12
16643.0,58,1,435.6,284,28,435.6
16645.0,371,1,160.39,117,14,160.39
16646.0,85,1,678.8,1072,29,678.8
16647.0,78,2,327.84,250,16,163.92
16648.0,91,2,382.14,222,18,191.07
16649.0,156,1,306.58000000000004,82,20,306.58000000000004
16650.0,56,6,1397.69,1139,53,232.94833333333335
16651.0,222,1,136.2,60,6,136.2
16652.0,40,9,10776.42,4194,102,1197.38
16654.0,4,5,1110.2,421,50,222.04000000000002
16655.0,47,7,2633.74,1575,240,376.2485714285714
16656.0,56,15,8207.37,6539,16,547.158
16658.0,4,6,690.83,277,49,115.13833333333334
16660.0,58,3,611.9000000000001,420,5,203.9666666666667
16661.0,176,4,932.76,364,50,233.19
16662.0,30,1,151.05,35,28,151.05
16663.0,365,1,165.0,100,1,165.0
16664.0,205,1,109.2,24,8,109.2
16666.0,257,1,98.73,121,15,98.73
16668.0,23,7,555.7,455,23,79.38571428571429
16670.0,29,9,3934.25,1978,144,437.1388888888889
16673.0,315,1,171.13,95,19,171.13
16675.0,77,2,608.86,296,21,304.43
16676.0,38,2,769.78,291,43,384.89
16677.0,47,2,880.62,457,45,440.31
16679.0,2,3,663.31,247,15,221.10333333333332
16680.0,164,2,637.75,283,16,318.875
16681.0,277,1,151.5,85,5,151.5
16683.0,169,1,320.25,190,18,320.25
16684.0,15,27,80489.21,54555,124,2981.081851851852
16686.0,25,9,1921.19,1442,273,213.46555555555557
16687.0,26,1,157.63,141,8,157.63
16690.0,29,2,127.45,71,5,63.725
16691.0,54,2,178.83,92,11,89.415
16692.0,44,2,638.6999999999999,726,1,319.34999999999997
16693.0,47,3,701.62,455,98,233.87333333333333
16694.0,359,1,98.30000000000001,26,3,98.30000000000001
16695.0,197,2,191.9,184,30,95.95
16699.0,16,7,994.6,640,51,142.0857142857143
16700.0,2,13,4091.16,2858,136,314.70461538461535
16701.0,59,13,4518.43,4653,95,347.57153846153847
16702.0,51,4,1110.83,692,84,277.7075
16704.0,254,2,664.16,433,50,332.08
16705.0,36,22,29480.061,16826,314,1340.0027727272727
16707.0,36,4,533.41,396,64,133.3525
16709.0,15,9,6026.14,2410,182,669.5711111111111
16710.0,4,13,3823.78,2543,389,294.1369230769231
16711.0,15,4,1217.45,379,10,304.3625
16712.0,37,2,621.5600000000001,344,69,310.78000000000003
16713.0,2,18,7619.21,4400,362,423.2894444444444
16714.0,306,1,368.27,239,23,368.27
16715.0,198,1,323.8,532,9,323.8
16716.0,266,1,1248.48,792,6,1248.48
16717.0,2,9,3127.85,1360,141,347.5388888888889
16718.0,5,5,3006.08,1924,123,601.216
16719.0,4,8,2174.13,1327,168,271.76625
16720.0,12,2,605.79,280,107,302.895
16722.0,2,11,4258.2699999999995,3579,110,387.1154545454545
16723.0,79,2,654.96,560,72,327.48
16724.0,40,1,147.35,69,17,147.35
16725.0,7,8,1052.14,476,177,131.5175
16726.0,19,2,705.14,378,68,352.57
16727.0,28,3,1121.45,899,132,373.81666666666666
16731.0,284,1,170.3,124,40,170.3
16732.0,39,3,3783.89,2097,177,1261.2966666666666
16733.0,165,1,259.68,112,12,259.68
16735.0,29,9,3970.0,2708,124,441.1111111111111
16736.0,141,5,2956.56,1050,116,591.312
16737.0,213,1,417.59999999999997,288,1,417.59999999999997
16739.0,172,1,463.43,219,25,463.43
16740.0,31,1,226.91,110,30,226.91
16741.0,261,1,173.06,81,11,173.06
16742.0,128,13,2334.97,2557,50,179.6130769230769
16743.0,92,7,1999.02,1672,71,285.57428571428574
16746.0,19,24,11366.64,7240,250,473.60999999999996
16748.0,24,9,2121.43,1247,39,235.71444444444444
16749.0,227,2,4157.88,1910,53,2078.94
16752.0,8,1,207.5,54,9,207.5
16754.0,8,29,65500.07,63551,38,2258.6231034482757
16755.0,103,4,1389.25,927,125,347.3125
16756.0,40,6,1072.97,601,53,178.82833333333335
16757.0,45,1,163.65,99,8,163.65
16760.0,66,1,228.0,168,17,228.0
16763.0,374,1,352.85,173,21,352.85
16765.0,18,1,420.75,307,51,420.75
16767.0,54,4,2481.2,2679,75,620.3
16768.0,19,6,1220.48,578,72,203.41333333333333
16769.0,114,3,755.51,215,54,251.83666666666667
16770.0,8,5,1152.63,652,133,230.526
16771.0,93,5,1706.99,821,138,341.398
16772.0,59,3,3698.0499999999997,687,54,1232.6833333333332
16773.0,72,2,249.65,81,34,124.825
16774.0,59,4,905.96,452,60,226.49
16775.0,3,6,1361.23,580,78,226.87166666666667
16776.0,51,1,220.97,181,48,220.97
16777.0,49,3,1069.56,408,86,356.52
16779.0,2,32,22554.22,14243,243,704.819375
16780.0,43,1,174.16,82,37,174.16
16781.0,8,2,623.0,192,36,311.5
16782.0,1,26,7732.37,3407,556,297.39884615384614
16783.0,72,1,391.95,163,25,391.95
16784.0,12,4,784.73,470,137,196.1825
16785.0,45,1,533.78,313,35,533.78
16786.0,29,1,51.839999999999996,72,1,51.839999999999996
16787.0,33,4,1017.53,472,102,254.3825
16788.0,40,3,1334.54,661,261,444.84666666666664
16791.0,19,8,2251.85,1097,240,281.48125
16792.0,19,3,513.08,280,83,171.02666666666667
16794.0,16,5,856.1999999999999,653,151,171.23999999999998
16795.0,1,3,2062.41,1214,306,687.4699999999999
16797.0,29,5,1802.02,898,289,360.404
16798.0,190,3,841.16,205,141,280.38666666666666
16799.0,68,2,452.78000000000003,162,81,226.39000000000001
16802.0,315,2,582.61,369,48,291.305
16805.0,213,3,630.75,581,139,210.25
16807.0,106,3,1002.29,655,62,334.09666666666664
16809.0,68,4,812.74,441,68,203.185
16810.0,56,1,532.5,258,19,532.5
16812.0,14,3,1912.65,1035,90,637.5500000000001
16814.0,5,16,5781.4400000000005,2254,176,361.34000000000003
16815.0,89,2,406.02,237,66,203.01
16817.0,4,5,1200.15,743,50,240.03000000000003
16819.0,101,2,182.59,253,17,91.295
16821.0,17,1,113.35,13,7,113.35
16822.0,322,1,181.39,171,11,181.39
16823.0,23,6,1884.71,1030,118,314.11833333333334
16824.0,29,1,225.6,154,13,225.6
16825.0,14,3,1051.71,731,32,350.57
16827.0,29,5,392.13,125,10,78.426
16829.0,24,1,316.1,116,16,316.1
16830.0,78,3,881.59,435,47,293.86333333333334
16831.0,200,1,91.8,48,6,91.8
16832.0,64,2,218.45999999999998,146,8,109.22999999999999
16833.0,75,2,1302.51,438,44,651.255
16834.0,310,1,485.5,402,24,485.5
16835.0,9,5,1357.56,454,54,271.512
16836.0,42,2,530.5,374,31,265.25
16838.0,166,2,570.76,324,31,285.38
16839.0,5,11,5716.14,2552,47,519.6490909090909
16840.0,239,2,139.85,117,9,69.925
16841.0,64,6,2136.2400000000002,1228,92,356.04
16843.0,58,19,9374.86,8343,138,493.41368421052636
16844.0,198,2,614.34,281,26,307.17
16845.0,254,1,253.88,167,20,253.88
16846.0,213,2,628.09,382,36,314.045
16847.0,254,1,421.45000000000005,177,25,421.45000000000005
16848.0,12,3,1130.2,598,64,376.73333333333335
16854.0,53,2,1408.96,997,72,704.48
16856.0,53,2,323.09000000000003,159,15,161.54500000000002
16857.0,78,1,352.8,168,11,352.8
16858.0,4,10,4292.59,1423,75,429.259
16859.0,52,5,1184.6,1072,46,236.92
16860.0,88,3,1610.62,625,35,536.8733333333333
16861.0,26,3,772.83,476,38,257.61
16862.0,183,4,662.33,513,34,165.5825
16863.0,2,2,495.72,336,27,247.86
16864.0,70,2,409.25,283,17,204.625
16865.0,37,1,130.95,157,15,130.95
16867.0,325,1,76.74000000000001,58,6,76.74000000000001
16868.0,30,3,384.56,112,47,128.18666666666667
16870.0,105,1,450.15999999999997,278,28,450.15999999999997
16872.0,63,3,533.11,479,9,177.70333333333335
16873.0,65,6,7493.77,4761,118,1248.9616666666668
16874.0,15,1,209.89000000000001,78,31,209.89000000000001
16875.0,73,6,2139.0,1030,90,356.5
16876.0,39,1,136.01,181,32,136.01
16880.0,129,1,321.78,158,9,321.78
16883.0,7,18,2101.61,967,144,116.75611111111112
16884.0,192,2,641.13,200,39,320.565
16885.0,21,1,234.19,180,40,234.19
16886.0,92,1,134.0,48,8,134.0
16887.0,36,2,465.84000000000003,267,65,232.92000000000002
16888.0,36,3,434.2,145,44,144.73333333333332
16889.0,33,3,947.98,686,72,315.99333333333334
16890.0,112,3,285.41,243,17,95.13666666666667
16891.0,7,7,1202.77,473,245,171.8242857142857
16892.0,190,2,236.56,131,38,118.28
16893.0,2,2,249.89000000000001,117,80,124.94500000000001
16894.0,138,3,1306.96,503,186,435.65333333333336
16895.0,74,4,900.63,330,82,225.1575
16896.0,191,1,103.95,18,18,103.95
16898.0,4,3,496.26,377,110,165.42
16899.0,14,2,424.71000000000004,291,42,212.35500000000002
16901.0,365,1,204.26,42,23,204.26
16903.0,16,2,678.55,470,107,339.275
16904.0,3,7,1360.31,762,188,194.32999999999998
16905.0,7,11,1923.57,640,80,174.87
16906.0,64,3,851.33,327,116,283.7766666666667
16907.0,1,5,722.0500000000001,232,62,144.41000000000003
16908.0,358,1,252.59,61,20,252.59
16911.0,271,2,255.25,161,30,127.625
16912.0,57,4,1904.93,664,63,476.2325
16913.0,287,2,310.46999999999997,147,10,155.23499999999999
16915.0,22,5,921.5,58,11,184.3
16916.0,8,3,536.04,320,100,178.67999999999998
16917.0,268,1,1460.3600000000001,560,37,1460.3600000000001
16918.0,58,10,2137.72,1345,218,213.772
16919.0,4,14,2515.76,1003,144,179.69714285714286
16920.0,47,1,355.45,81,23,355.45
16921.0,78,2,255.03,121,28,127.515
16922.0,208,1,611.08,281,122,611.08
16923.0,11,13,6088.05,2846,227,468.3115384615385
16925.0,176,1,125.65,123,18,125.65
16926.0,7,5,1169.6100000000001,197,63,233.92200000000003
16928.0,9,13,1199.08,588,85,92.23692307692308
16931.0,5,3,629.4,305,84,209.79999999999998
16932.0,59,2,262.32,135,77,131.16
16933.0,25,7,2536.07,1245,182,362.2957142857143
16934.0,19,4,1152.1100000000001,539,77,288.02750000000003
16935.0,17,3,530.86,273,55,176.95333333333335
16936.0,21,1,286.39,168,81,286.39
16937.0,135,1,196.25,123,49,196.25
16938.0,17,5,4283.68,2508,426,856.7360000000001
16939.0,124,3,433.85,229,38,144.61666666666667
16940.0,86,5,3377.78,2334,220,675.556
16941.0,247,1,33.0,12,2,33.0
16943.0,175,2,482.76,2,1,241.38
16944.0,245,1,101.36,27,7,101.36
16945.0,29,14,4202.66,3164,159,300.19
16946.0,19,5,1222.04,509,69,244.408
16947.0,98,4,548.73,343,30,137.1825
16948.0,65,4,433.75,477,15,108.4375
16950.0,3,8,2535.21,1820,84,316.90125
16952.0,77,3,628.22,251,61,209.40666666666667
16954.0,15,11,3996.7999999999997,3032,71,363.3454545454545
16955.0,4,4,790.74,557,26,197.685
16958.0,71,1,778.49,514,69,778.49
16960.0,26,5,1483.83,1188,267,296.76599999999996
16961.0,24,2,560.39,357,38,280.195
16962.0,45,1,251.04,158,15,251.04
16964.0,369,2,207.85,49,6,103.925
16970.0,262,1,71.4,12,2,71.4
16972.0,18,2,749.0,183,54,374.5
16973.0,22,1,127.0,60,6,127.0
16974.0,158,2,365.5,70,5,182.75
16975.0,59,3,926.12,586,44,308.70666666666665
16977.0,31,4,496.0,142,25,124.0
16978.0,302,2,424.55,119,28,212.275
16979.0,19,3,1007.74,586,32,335.91333333333336
16980.0,64,1,394.37,251,25,394.37
16983.0,5,5,1748.15,1087,67,349.63
16984.0,40,7,5891.01,2747,476,841.5728571428572
16985.0,12,13,5459.04,1271,87,419.92615384615385
16986.0,81,9,3015.55,1499,64,335.06111111111113
16987.0,12,4,904.6,270,105,226.15
16988.0,15,1,256.55,115,13,256.55
16990.0,58,1,165.0,100,1,165.0
16991.0,57,1,1041.21,793,74,1041.21
16992.0,23,8,3862.19,1201,154,482.77375
16993.0,99,2,1950.9499999999998,285,19,975.4749999999999
16996.0,18,3,666.6500000000001,375,28,222.2166666666667
16998.0,80,1,107.0,28,2,107.0
17000.0,32,2,406.3,305,26,203.15
17001.0,12,8,2651.23,1618,60,331.40375
17002.0,79,4,1077.82,586,32,269.455
17003.0,38,4,828.21,494,90,207.0525
17004.0,28,2,1012.22,462,21,506.11
17005.0,106,2,622.36,691,14,311.18
17006.0,28,4,853.49,300,77,213.3725
17007.0,73,1,230.17000000000002,120,15,230.17000000000002
17008.0,65,1,81.36,24,1,81.36
17009.0,187,1,242.06,336,10,242.06
17011.0,283,2,400.8,606,12,200.4
17012.0,361,1,360.61,251,34,360.61
17016.0,212,1,552.4,309,41,552.4
17017.0,1,13,5416.349999999999,3918,76,416.64230769230767
17018.0,23,4,1367.6,280,16,341.9
17019.0,4,8,2703.03,1799,270,337.87875
17020.0,178,2,935.62,860,64,467.81
17021.0,78,6,1182.22,992,35,197.03666666666666
17022.0,68,1,189.0,72,9,189.0
17023.0,53,3,800.18,530,48,266.72666666666663
17025.0,9,4,1152.87,789,28,288.2175
17026.0,5,2,54.15,35,4,27.075
17027.0,82,3,433.07,229,29,144.35666666666665
17028.0,217,3,1593.83,856,85,531.2766666666666
17029.0,18,5,1421.3,865,19,284.26
17031.0,14,4,2393.5,1360,22,598.375
17032.0,183,8,2984.32,1667,183,373.04
17033.0,33,1,302.65000000000003,121,12,302.65000000000003
17034.0,45,2,530.9,284,26,265.45
17035.0,227,2,180.06,98,4,90.03
17036.0,19,1,176.9,76,12,176.9
17038.0,51,1,630.77,507,41,630.77
17039.0,240,1,1954.99,689,44,1954.99
17040.0,186,1,13.52,8,1,13.52
17041.0,33,3,583.71,376,48,194.57000000000002
17043.0,11,4,858.47,618,87,214.6175
17044.0,10,11,11013.82,5218,91,1001.2563636363636
17045.0,12,2,488.24,188,28,244.12
17046.0,80,4,1264.05,1126,57,316.0125
17047.0,67,3,1188.33,651,71,396.10999999999996
17048.0,73,4,1146.33,583,52,286.5825
17049.0,11,10,4287.5,1600,157,428.75
17050.0,11,5,1462.95,837,27,292.59000000000003
17051.0,82,3,465.6,328,92,155.20000000000002
17055.0,81,1,232.85,83,24,232.85
17056.0,374,1,128.60000000000002,26,8,128.60000000000002
17057.0,232,1,294.74,129,48,294.74
17059.0,5,5,2506.54,1728,208,501.308
17062.0,1,4,645.8100000000001,472,67,161.45250000000001
17063.0,43,6,2177.39,1129,100,362.8983333333333
17065.0,273,2,194.7,82,6,97.35
17066.0,362,1,228.34,93,17,228.34
17067.0,360,3,454.54,322,8,151.51333333333335
17068.0,4,27,4601.69,2267,204,170.43296296296296
17069.0,9,6,3084.58,1827,123,514.0966666666667
17070.0,46,1,133.18,101,41,133.18
17071.0,17,4,1364.68,737,57,341.17
17072.0,261,1,273.35,212,20,273.35
17074.0,198,1,203.05,19,4,203.05
17075.0,65,6,1402.51,493,100,233.75166666666667
17076.0,28,3,401.66999999999996,219,22,133.89
17077.0,214,1,306.0,36,1,306.0
17080.0,15,5,669.91,403,19,133.982
17081.0,31,4,660.48,304,121,165.12
17082.0,30,4,2728.18,1477,65,682.045
17083.0,45,6,2644.01,1183,26,440.66833333333335
17084.0,32,1,2253.22,1476,132,2253.22
17085.0,12,23,6285.27,2798,373,273.2726086956522
17087.0,373,1,221.53,113,12,221.53
17089.0,22,1,128.45,35,4,128.45
17090.0,10,6,1105.53,441,17,184.255
17091.0,3,11,3961.44,2087,165,360.1309090909091
17092.0,73,7,3737.38,2638,192,533.9114285714286
17093.0,228,1,235.88,114,13,235.88
17094.0,59,1,100.2,60,4,100.2
17095.0,66,4,1248.09,1077,54,312.0225
17096.0,19,7,2675.8,1220,128,382.25714285714287
17097.0,1,2,363.66,190,84,181.83
17098.0,17,3,591.0699999999999,125,10,197.0233333333333
17099.0,169,1,582.17,317,40,582.17
17101.0,30,3,885.3199999999999,360,28,295.1066666666666
17103.0,358,1,424.3,471,32,424.3
17104.0,59,1,474.03,149,19,474.03
17106.0,25,1,481.58,153,51,481.58
17107.0,33,4,5255.24,2704,197,1313.81
17108.0,299,1,174.95,31,9,174.95
17109.0,42,2,410.42,200,22,205.21
17110.0,156,2,336.59999999999997,86,32,168.29999999999998
17111.0,61,1,227.97,299,19,227.97
17112.0,138,1,197.57,130,44,197.57
17113.0,210,6,2305.59,913,122,384.26500000000004
17115.0,184,4,1923.99,513,75,480.9975
17116.0,284,1,389.78,392,47,389.78
17121.0,38,1,314.74,106,12,314.74
17122.0,24,3,432.18,288,19,144.06
17123.0,75,2,631.87,430,31,315.935
17126.0,17,4,1026.98,646,149,256.745
17127.0,64,5,1155.0300000000002,340,27,231.00600000000003
17129.0,156,1,31.85,5,2,31.85
17132.0,88,2,1220.9099999999999,963,62,610.4549999999999
17133.0,110,5,9730.09,7377,16,1946.018
17134.0,78,1,212.1,46,13,212.1
17135.0,7,4,798.03,684,79,199.5075
17136.0,298,1,231.68,256,14,231.68
17137.0,52,6,1099.81,680,125,183.30166666666665
17138.0,25,6,4036.77,1898,217,672.795
17139.0,25,13,8915.99,4677,226,685.8453846153845
17141.0,54,4,727.58,423,138,181.895
17142.0,40,3,696.25,241,67,232.08333333333334
17143.0,53,2,880.97,314,82,440.485
17145.0,148,4,3120.91,2591,168,780.2275
17146.0,71,10,5102.86,1976,156,510.28599999999994
17147.0,88,5,1485.36,426,41,297.072
17149.0,87,1,143.10000000000002,18,6,143.10000000000002
17150.0,12,6,1357.95,397,64,226.32500000000002
17151.0,371,1,231.90000000000003,42,4,231.90000000000003
17152.0,61,1,327.0,60,2,327.0
17155.0,163,5,640.76,745,31,128.152
17156.0,127,1,591.87,391,39,591.87
17157.0,116,17,4832.9,1920,69,284.2882352941176
17158.0,183,2,713.03,369,37,356.515
17159.0,113,2,560.71,237,27,280.355
17160.0,10,11,6691.13,5534,164,608.2845454545454
17161.0,80,1,856.01,537,52,856.01
17163.0,81,2,406.68,465,24,203.34
17165.0,17,5,1635.64,688,72,327.12800000000004
17167.0,15,3,867.11,429,64,289.0366666666667
17168.0,134,1,400.2,220,21,400.2
17169.0,214,1,320.95,145,21,320.95
17170.0,10,2,178.68,152,8,89.34
17171.0,297,1,159.68,40,9,159.68
17172.0,66,2,638.81,735,24,319.405
17176.0,162,2,596.1899999999999,406,25,298.09499999999997
17177.0,141,1,119.5,40,29,119.5
17178.0,367,1,432.96,100,31,432.96
17179.0,18,3,795.47,335,44,265.1566666666667
17180.0,58,7,1452.8,1139,149,207.54285714285714
17181.0,9,2,225.45000000000002,243,7,112.72500000000001
17182.0,58,2,321.3,54,4,160.65
17184.0,205,2,198.41000000000003,73,14,99.20500000000001
17185.0,227,3,229.46,119,38,76.48666666666666
17187.0,162,1,263.76,282,13,263.76
17188.0,82,6,2118.7000000000003,1241,79,353.11666666666673
17189.0,196,3,569.88,375,59,189.96
17190.0,39,5,1281.83,2057,143,256.366
17191.0,4,11,2726.77,1362,200,247.8881818181818
17192.0,172,1,75.28,45,20,75.28
17193.0,22,2,610.74,414,12,305.37
17194.0,166,1,549.88,301,31,549.88
17195.0,291,1,562.98,486,31,562.98
17196.0,63,1,327.75,154,84,327.75
17198.0,1,2,521.66,242,73,260.83
17199.0,218,1,135.04000000000002,232,8,135.04000000000002
17200.0,23,4,356.71,367,25,89.1775
17201.0,159,3,853.3199999999999,773,119,284.44
17202.0,56,1,160.65,55,8,160.65
17203.0,24,4,2004.01,1751,84,501.0025
17204.0,10,5,3940.13,2005,89,788.0260000000001
17205.0,52,2,615.27,1330,18,307.635
17207.0,288,1,292.62,233,55,292.62
17208.0,31,1,111.15,101,21,111.15
17209.0,285,3,595.7,723,36,198.5666666666667
17210.0,28,1,251.72,242,47,251.72
17211.0,5,6,1729.43,1022,126,288.23833333333334
17212.0,94,2,567.5600000000001,580,25,283.78000000000003
17213.0,2,7,2401.07,1003,76,343.01000000000005
17215.0,100,1,186.15,104,11,186.15
17216.0,190,1,63.6,21,13,63.6
17217.0,255,1,96.6,69,18,96.6
17218.0,4,9,2226.96,1240,167,247.44
17219.0,52,1,144.9,99,24,144.9
17220.0,53,7,1269.76,766,167,181.3942857142857
17221.0,227,3,642.14,426,58,214.04666666666665
17222.0,113,5,1250.86,735,71,250.17199999999997
17223.0,4,2,433.99,109,49,216.995
17224.0,137,1,100.86,65,8,100.86
17225.0,217,1,131.15,36,5,131.15
17226.0,80,2,501.97999999999996,447,34,250.98999999999998
17227.0,4,7,1081.8600000000001,1032,44,154.5514285714286
17228.0,3,7,1269.8899999999999,1033,107,181.41285714285712
17230.0,199,10,5750.08,2102,104,575.008
17231.0,25,15,3940.08,1957,348,262.67199999999997
17233.0,84,2,369.98,167,32,184.99
17235.0,8,7,1354.82,747,41,193.54571428571427
17236.0,46,6,1013.13,330,44,168.855
17237.0,11,2,679.44,309,58,339.72
17238.0,7,17,3982.66,1874,345,234.2741176470588
17239.0,23,3,806.95,365,8,268.98333333333335
17240.0,232,1,130.6,108,7,130.6
17241.0,21,12,2736.64,859,116,228.0533333333333
17242.0,92,3,1754.24,848,27,584.7466666666667
17243.0,5,44,11920.43,4704,265,270.91886363636365
17244.0,19,4,871.14,803,85,217.785
17245.0,325,1,200.18,232,15,200.18
17246.0,182,2,38.92,36,6,19.46
17248.0,117,1,181.89000000000001,63,34,181.89000000000001
17249.0,64,1,68.03,79,27,68.03
17251.0,18,2,529.15,269,35,264.575
17254.0,37,1,198.29,146,36,198.29
17255.0,26,2,490.21999999999997,356,99,245.10999999999999
17256.0,117,3,258.93,158,14,86.31
17257.0,72,2,189.78,187,14,94.89
17258.0,32,2,417.3,188,46,208.65
17259.0,4,5,1239.11,712,159,247.82199999999997
17260.0,47,1,120.95,23,6,120.95
17261.0,145,1,221.59,95,43,221.59
17262.0,2,7,1504.26,342,5,214.8942857142857
17264.0,60,1,268.28,217,70,268.28
17266.0,135,2,205.14,90,43,102.57
17268.0,81,7,970.25,551,23,138.60714285714286
17269.0,21,1,491.81,314,110,491.81
17270.0,105,2,601.4499999999999,420,45,300.72499999999997
17271.0,372,1,204.3,113,46,204.3
17273.0,60,1,141.12,133,12,141.12
17274.0,31,1,465.4,194,52,465.4
17275.0,19,1,114.1,71,23,114.1
17276.0,38,1,502.49,187,50,502.49
17278.0,201,1,25.2,16,2,25.2
17280.0,74,1,118.85999999999999,74,6,118.85999999999999
17281.0,10,6,797.8499999999999,295,2,132.975
17282.0,92,2,623.08,466,107,311.54
17283.0,14,1,188.46,179,15,188.46
17284.0,25,2,1140.58,707,80,570.29
17285.0,264,2,407.94,134,41,203.97
17286.0,36,2,237.81,251,46,118.905
17287.0,3,16,3000.5,1507,233,187.53125
17288.0,26,4,1050.8,498,129,262.7
17289.0,12,6,1110.78,724,130,185.13
17290.0,17,6,974.95,742,96,162.49166666666667
17292.0,108,2,271.75,131,14,135.875
17293.0,30,8,1896.57,1093,84,237.07125
17294.0,305,2,467.78999999999996,297,17,233.89499999999998
17296.0,366,1,338.13,216,32,338.13
17298.0,10,3,455.84000000000003,465,38,151.9466666666667
17299.0,75,2,336.62,251,52,168.31
17300.0,26,2,393.64,467,37,196.82
17301.0,260,1,131.15,79,52,131.15
17304.0,170,1,111.5,73,5,111.5
17305.0,284,1,2135.46,1006,9,2135.46
17306.0,29,2,1151.04,2256,5,575.52
17307.0,31,11,3999.8900000000003,3667,22,363.6263636363637
17308.0,29,2,4511.76,5148,5,2255.88
17309.0,17,2,237.64000000000001,140,22,118.82000000000001
17310.0,23,2,1025.1,402,1,512.55
17311.0,28,4,2181.71,1750,71,545.4275
17314.0,29,9,2376.51,1767,92,264.0566666666667
17315.0,11,5,3318.35,1225,196,663.67
17316.0,56,1,124.45,44,35,124.45
17318.0,361,1,157.32999999999998,59,17,157.32999999999998
17319.0,305,1,29.1,14,3,29.1
17320.0,4,4,1695.15,758,59,423.7875
17321.0,30,4,1008.05,426,159,252.0125
17322.0,12,5,922.59,631,115,184.518
17323.0,43,5,644.52,666,91,128.904
17324.0,2,9,1311.64,693,85,145.73777777777778
17325.0,46,2,512.77,405,33,256.385
17326.0,44,2,312.35,136,82,156.175
17327.0,45,2,152.35,59,3,76.175
17328.0,309,1,104.7,86,6,104.7
17329.0,367,3,475.42,288,63,158.47333333333333
17330.0,180,2,59.900000000000006,2,2,29.950000000000003
17332.0,164,5,838.27,794,82,167.654
17334.0,42,1,328.13,251,20,328.13
17335.0,19,2,497.04,210,34,248.52
17336.0,108,1,81.12,48,1,81.12
17338.0,11,9,5395.79,2721,351,599.5322222222222
17339.0,1,2,119.0,36,5,59.5
17340.0,2,8,9935.93,5195,213,1241.99125
17341.0,2,3,1006.53,634,180,335.51
17342.0,15,4,1227.54,521,31,306.885
17343.0,12,5,1066.3,398,49,213.26
17344.0,364,1,299.74,135,36,299.74
17345.0,11,6,1066.94,1667,110,177.82333333333335
17346.0,9,12,2509.84,1906,293,209.15333333333334
17348.0,73,4,1285.69,1368,185,321.4225
17349.0,16,4,674.16,670,66,168.54
17350.0,30,3,612.381,408,65,204.12699999999998
17351.0,63,9,1401.08,270,29,155.67555555555555
17352.0,332,1,36.25,15,5,36.25
17353.0,127,2,1502.0,968,6,751.0
17354.0,64,3,1740.8999999999999,1525,73,580.3
17355.0,22,1,273.31,249,28,273.31
17356.0,190,4,768.25,759,62,192.0625
17358.0,12,3,500.2,240,84,166.73333333333332
17359.0,284,1,156.6,76,23,156.6
17360.0,21,3,632.27,296,90,210.75666666666666
17361.0,312,2,383.59000000000003,223,26,191.79500000000002
17362.0,36,5,711.8100000000001,358,84,142.36200000000002
17363.0,31,3,920.46,499,34,306.82
17364.0,12,17,7510.24,4772,308,441.77882352941174
17365.0,22,7,3417.13,3266,236,488.1614285714286
17366.0,68,2,1077.24,504,120,538.62
17368.0,11,6,879.42,942,110,146.57
17369.0,91,1,979.1999999999999,1152,1,979.1999999999999
17371.0,259,3,236.97,130,55,78.99
17372.0,17,20,3010.13,1116,261,150.50650000000002
17373.0,54,3,520.58,330,31,173.52666666666667
17374.0,31,1,231.34,70,14,231.34
17375.0,67,1,260.45,113,17,260.45
17376.0,40,2,250.44,158,27,125.22
17377.0,1,60,14174.25,5486,415,236.2375
17378.0,10,1,10.95,1,1,10.95
17380.0,70,3,645.0,252,5,215.0
17381.0,4,12,19726.76,20118,30,1643.8966666666665
17382.0,71,7,836.88,432,14,119.55428571428571
17383.0,89,1,110.69999999999999,12,2,110.69999999999999
17384.0,103,1,171.15,33,5,171.15
17386.0,21,1,126.35000000000001,53,10,126.35000000000001
17388.0,56,7,1415.81,1487,29,202.25857142857143
17389.0,10,27,25381.65,10268,40,940.0611111111111
17390.0,56,1,149.3,49,12,149.3
17392.0,86,1,168.65,173,14,168.65
17393.0,46,2,381.15,238,45,190.575
17395.0,144,1,97.5,66,3,97.5
17396.0,7,7,1476.3,414,11,210.9
17397.0,52,1,516.87,441,44,516.87
17400.0,217,3,2525.44,1097,209,841.8133333333334
17401.0,177,1,114.85,34,11,114.85
17402.0,5,12,2461.68,869,99,205.14
17403.0,86,1,118.95,77,13,118.95
17404.0,45,8,15874.3,17931,53,1984.2875
17406.0,2,11,2704.63,1337,88,245.87545454545455
17407.0,47,1,552.9,426,23,552.9
17408.0,136,2,283.44000000000005,160,6,141.72000000000003
17409.0,57,8,7021.66,3984,40,877.7075
17411.0,22,2,646.44,302,32,323.22
17412.0,8,10,3159.46,1866,132,315.946
17413.0,40,2,560.14,302,10,280.07
17414.0,59,4,1471.52,4156,6,367.88
17416.0,29,15,10405.03,4467,224,693.6686666666667
17417.0,184,1,164.18,76,16,164.18
17418.0,23,1,206.60000000000002,232,12,206.60000000000002
17419.0,3,8,2273.95,1211,81,284.24375
17420.0,9,4,485.6,234,24,121.4
17421.0,22,3,1059.41,807,46,353.1366666666667
17422.0,17,5,1615.39,1285,75,323.07800000000003
17423.0,29,1,420.54,331,17,420.54
17426.0,88,7,3040.51,2093,118,434.35857142857145
17428.0,4,18,14562.91,8030,266,809.0505555555555
17429.0,32,2,832.54,662,53,416.27
17430.0,1,3,469.40999999999997,325,24,156.47
17432.0,21,7,1363.23,801,174,194.74714285714285
17433.0,21,1,266.8,120,39,266.8
17435.0,47,1,331.35,195,15,331.35
17436.0,44,3,317.76,88,4,105.92
17437.0,165,1,369.68,283,52,369.68
17438.0,80,4,1034.32,450,39,258.58
17439.0,291,1,325.74,370,8,325.74
17440.0,185,1,137.16,36,1,137.16
17441.0,368,1,293.35,245,21,293.35
17442.0,17,9,2371.74,1638,113,263.52666666666664
17448.0,133,46,14523.67,11534,569,315.7319565217391
17449.0,23,6,2348.94,1362,182,391.49
17450.0,3,7,52422.3,14727,80,7488.900000000001
17454.0,98,6,1030.41,484,51,171.735
17456.0,1,2,975.5600000000001,508,59,487.78000000000003
17457.0,15,9,4247.11,1869,20,471.90111111111105
17458.0,17,1,213.08,112,32,213.08
17460.0,8,12,1605.8400000000001,744,83,133.82000000000002
17463.0,196,2,659.4,394,98,329.7
17464.0,158,2,617.1800000000001,388,28,308.59000000000003
17465.0,61,7,2542.79,1477,103,363.2557142857143
17467.0,31,1,102.6,20,4,102.6
17468.0,11,1,57.8,68,3,57.8
17469.0,36,12,3180.28,1517,126,265.02333333333337
17470.0,3,7,1679.8,1168,62,239.97142857142856
17471.0,110,1,321.65000000000003,153,19,321.65000000000003
17472.0,264,1,224.81,96,48,224.81
17473.0,44,2,607.0,270,33,303.5
17474.0,235,1,1047.0,200,6,1047.0
17476.0,31,2,489.86,224,29,244.93
17477.0,248,2,1144.3,225,44,572.15
17478.0,44,2,1272.8,516,40,636.4
17479.0,268,1,389.26000000000005,266,18,389.26000000000005
17480.0,80,1,370.40999999999997,243,24,370.40999999999997
17482.0,123,2,775.64,240,50,387.82
17483.0,50,1,177.69,74,7,177.69
17484.0,212,2,209.57,339,14,104.785
17487.0,364,1,160.55,37,8,160.55
17488.0,277,1,336.5,136,18,336.5
17490.0,24,2,658.18,397,37,329.09
17491.0,3,8,2422.2000000000003,1617,52,302.77500000000003
17492.0,114,2,747.85,295,23,373.925
17493.0,21,1,100.91000000000001,62,8,100.91000000000001
17494.0,137,1,54.699999999999996,26,3,54.699999999999996
17495.0,26,1,309.16,138,21,309.16
17496.0,199,3,1141.84,596,49,380.6133333333333
17497.0,26,2,287.25,59,7,143.625
17499.0,197,1,718.51,375,31,718.51
17504.0,16,9,6493.14,3756,160,721.46
17505.0,186,3,1289.64,686,47,429.88000000000005
17508.0,17,7,4191.92,2602,180,598.8457142857143
17510.0,56,1,206.07999999999998,208,15,206.07999999999998
17511.0,3,31,84541.17,55107,423,2727.1345161290324
17512.0,88,8,2542.83,2681,64,317.85375
17513.0,44,2,645.6,186,12,322.8
17514.0,305,1,313.35,149,41,313.35
17515.0,30,5,963.49,284,76,192.698
17516.0,14,1,182.62,108,55,182.62
17518.0,61,2,329.42,267,71,164.71
17519.0,4,10,3265.45,2178,112,326.54499999999996
17521.0,30,2,554.85,287,29,277.425
17524.0,74,2,394.14,272,34,197.07
17525.0,33,2,739.2,256,13,369.6
17526.0,1,9,2970.14,1172,60,330.0155555555555
17529.0,246,2,1240.25,790,78,620.125
17530.0,1,3,725.21,421,130,241.73666666666668
17531.0,163,2,970.12,336,43,485.06
17532.0,21,1,65.34,30,4,65.34
17533.0,70,1,34.8,24,1,34.8
17534.0,87,4,1445.47,757,69,361.3675
17536.0,56,2,288.33,195,13,144.165
17539.0,253,4,1176.84,708,132,294.21
17540.0,19,4,1011.7,394,28,252.925
17541.0,145,1,119.86,44,31,119.86
17542.0,277,2,170.1,189,34,85.05
17543.0,185,1,120.05,62,13,120.05
17544.0,26,3,944.82,410,80,314.94
17545.0,26,3,767.54,345,112,255.84666666666666
17547.0,11,2,727.85,223,22,363.925
17548.0,14,3,627.96,436,17,209.32000000000002
17550.0,33,6,2239.48,882,218,373.24666666666667
17552.0,8,10,2154.88,1376,64,215.488
17553.0,108,3,2270.0,1240,2,756.6666666666666
17555.0,61,3,565.43,391,137,188.47666666666666
17556.0,15,1,142.77,83,8,142.77
17557.0,368,1,34.0,4,1,34.0
17558.0,29,1,259.17,54,28,259.17
17559.0,148,1,167.62,270,12,167.62
17560.0,31,4,1040.85,953,21,260.2125
17561.0,26,3,537.9,237,129,179.29999999999998
17563.0,214,2,392.38,256,27,196.19
17565.0,222,1,131.83,67,30,131.83
17567.0,8,2,1024.55,520,57,512.275
17568.0,269,1,374.45,275,61,374.45
17570.0,17,1,100.0,1,1,100.0
17571.0,178,1,205.23999999999998,115,53,205.23999999999998
17572.0,9,7,496.26000000000005,256,13,70.89428571428572
17575.0,303,1,171.7,72,5,171.7
17576.0,1,23,5266.7699999999995,2673,234,228.98999999999998
17577.0,281,2,348.75,179,20,174.375
17578.0,110,6,903.87,391,52,150.645
17579.0,214,1,304.38,117,43,304.38
17580.0,12,2,325.3,135,39,162.65
17581.0,8,20,7712.71,4045,248,385.6355
17582.0,82,4,1271.68,480,78,317.92
17583.0,196,1,135.95,55,7,135.95
17584.0,103,4,4067.12,2006,73,1016.78
17585.0,81,3,948.03,860,147,316.01
17586.0,255,1,167.4,68,8,167.4
17587.0,264,1,176.71,67,42,176.71
17588.0,32,4,1699.35,703,29,424.8375
17589.0,21,14,11433.77,7073,526,816.6978571428572
17591.0,3,2,519.95,152,79,259.975
17592.0,374,1,148.3,38,13,148.3
17593.0,45,6,4168.46,2506,146,694.7433333333333
17594.0,85,2,1504.7,818,46,752.35
17596.0,4,7,2075.7400000000002,3163,184,296.5342857142858
17597.0,54,4,1439.72,1039,62,359.93
17598.0,17,1,409.98,126,10,409.98
17599.0,113,1,52.05,11,3,52.05
17601.0,16,1,297.07,192,60,297.07
17602.0,108,8,2300.01,1764,210,287.50125
17603.0,253,3,1393.66,564,93,464.55333333333334
17604.0,58,4,633.02,445,106,158.255
17605.0,226,1,160.75,71,13,160.75
17606.0,373,1,87.30000000000001,42,6,87.30000000000001
17607.0,12,1,333.81,269,22,333.81
17608.0,85,2,296.07,299,90,148.035
17609.0,38,6,782.12,602,143,130.35333333333332
17610.0,176,5,1511.94,893,114,302.38800000000003
17611.0,57,13,4376.41,2791,403,336.6469230769231
17612.0,15,12,3346.41,1713,130,278.8675
17615.0,23,3,392.2,238,35,130.73333333333332
17616.0,3,2,489.59999999999997,192,1,244.79999999999998
17617.0,194,1,385.19,249,18,385.19
17618.0,19,8,3071.36,1479,175,383.92
17621.0,40,3,1795.22,596,40,598.4066666666666
17622.0,233,2,1130.21,379,19,565.105
17623.0,45,6,1838.72,534,108,306.4533333333333
17624.0,73,2,725.15,404,46,362.575
17625.0,82,4,3958.5,2325,304,989.625
17626.0,238,1,254.0,202,18,254.0
17627.0,114,1,296.36,676,10,296.36
17629.0,24,2,641.4,274,29,320.7
17631.0,10,4,470.16,257,28,117.54
17633.0,15,3,732.55,255,29,244.1833333333333
17635.0,60,3,1265.58,770,60,421.85999999999996
17638.0,283,2,842.4,432,2,421.2
17639.0,23,5,506.67,527,54,101.334
17640.0,15,5,2547.28,1442,47,509.456
17642.0,65,3,1112.2,1001,58,370.73333333333335
17643.0,9,2,439.7,226,30,219.85
17644.0,30,9,3132.96,1676,89,348.1066666666667
17646.0,1,10,3141.4,1095,101,314.14
17647.0,305,2,198.6,52,5,99.3
17648.0,21,1,418.87,467,34,418.87
17649.0,105,2,710.4,324,45,355.2
17651.0,134,6,1758.52,974,84,293.08666666666664
17655.0,2,3,1013.54,426,26,337.84666666666664
17657.0,66,1,126.0,60,7,126.0
17659.0,8,3,835.33,291,37,278.4433333333333
17660.0,373,1,163.47,138,42,163.47
17662.0,297,2,412.92,184,14,206.46
17663.0,53,10,3372.92,1500,112,337.29200000000003
17664.0,110,2,561.59,454,31,280.795
17665.0,129,1,563.1,690,19,563.1
17666.0,113,3,1319.6399999999999,956,17,439.87999999999994
17667.0,71,4,1895.19,1159,83,473.7975
17669.0,98,3,2735.63,1589,56,911.8766666666667
17671.0,1,2,830.63,405,33,415.315
17672.0,53,5,2600.46,1068,93,520.092
17673.0,11,7,2578.91,1822,151,368.4157142857143
17674.0,4,1,300.66,349,11,300.66
17675.0,3,40,17885.32,8056,174,447.133
17676.0,2,5,1378.16,1000,57,275.632
17677.0,2,28,20329.68,12161,238,726.0600000000001
17678.0,239,1,301.65,161,12,301.65
17679.0,157,5,1585.5,1026,41,317.1
17680.0,19,2,313.05,59,9,156.525
17681.0,233,5,731.2,450,12,146.24
17682.0,4,6,1982.45,1124,61,330.40833333333336
17683.0,21,3,819.01,781,41,273.00333333333333
17685.0,8,6,2751.64,1898,58,458.6066666666666
17686.0,59,2,2557.35,1105,127,1278.675
17687.0,56,1,432.68,210,26,432.68
17688.0,29,1,304.2,114,19,304.2
17689.0,24,2,317.08,300,17,158.54
17690.0,2,8,2685.2,1352,99,335.65
17691.0,4,3,489.65000000000003,239,31,163.21666666666667
17692.0,32,8,2234.86,1666,67,279.3575
17694.0,147,2,1412.85,1309,45,706.425
17695.0,30,3,980.7,1030,20,326.90000000000003
17696.0,18,19,5393.88,4135,155,283.8884210526316
17699.0,112,2,442.0,208,17,221.0
17700.0,17,10,4145.33,2203,173,414.533
17702.0,19,2,1319.67,800,69,659.835
17703.0,54,1,296.1,307,23,296.1
17705.0,91,2,260.38,338,16,130.19
17706.0,2,17,10245.49,4150,274,602.6758823529411
17707.0,12,6,456.90000000000003,402,9,76.15
17708.0,38,2,620.85,297,37,310.425
17709.0,106,4,533.56,278,31,133.39
17710.0,59,1,293.5,158,20,293.5
17713.0,18,4,1198.09,989,55,299.5225
17714.0,60,4,1257.18,516,60,314.295
17715.0,228,1,163.2,192,1,163.2
17716.0,32,13,10300.98,5747,208,792.3830769230769
17717.0,57,1,376.92,344,26,376.92
17718.0,280,1,299.83,191,17,299.83
17720.0,3,7,1572.97,1037,62,224.71
17721.0,295,1,307.21000000000004,107,11,307.21000000000004
17722.0,2,2,2006.32,1342,101,1003.16
17723.0,11,1,102.0,120,2,102.0
17726.0,31,7,1092.06,444,52,156.00857142857143
17728.0,40,2,1362.75,677,79,681.375
17729.0,232,1,438.65000000000003,247,23,438.65000000000003
17730.0,18,7,2475.32,1724,75,353.6171428571429
17731.0,257,2,468.88,214,30,234.44
17732.0,8,8,2166.42,1058,90,270.8025
17734.0,161,3,741.69,319,40,247.23000000000002
17735.0,3,8,4134.91,2462,139,516.86375
17738.0,31,9,2304.51,1747,103,256.0566666666667
17739.0,10,11,4939.24,1474,44,449.02181818181816
17740.0,25,6,426.9,222,5,71.14999999999999
17741.0,42,2,101.1,114,6,50.55
17742.0,64,9,1743.3700000000001,564,46,193.70777777777778
17743.0,84,1,229.2,96,3,229.2
17744.0,16,1,326.74,414,15,326.74
17745.0,113,2,600.34,164,27,300.17
17746.0,107,3,793.9300000000001,659,28,264.6433333333334
17748.0,163,1,358.15,111,17,358.15
17749.0,182,1,351.66,126,22,351.66
17751.0,57,1,157.85999999999999,147,31,157.85999999999999
17753.0,100,4,382.06,124,63,95.515
17754.0,10,8,2786.57,2550,117,348.32125
17756.0,11,3,728.75,399,54,242.91666666666666
17757.0,4,28,3773.11,1833,243,134.7539285714286
17758.0,63,4,1555.83,1145,121,388.9575
17759.0,29,2,441.92,268,41,220.96
17760.0,9,5,631.34,457,44,126.268
17762.0,92,1,129.75,129,16,129.75
17763.0,289,3,71.15,29,11,23.71666666666667
17764.0,38,3,741.02,323,66,247.00666666666666
17765.0,84,1,156.37,52,22,156.37
17766.0,17,2,299.61,155,21,149.805
17767.0,46,1,141.85,70,18,141.85
17768.0,23,4,1210.83,1217,69,302.7075
17769.0,19,7,3095.95,1307,195,442.2785714285714
17771.0,72,2,141.6,86,14,70.8
17772.0,28,1,187.3,58,45,187.3
17773.0,150,2,575.37,254,48,287.685
17774.0,33,5,2060.1,1077,205,412.02
17776.0,22,2,330.56,273,74,165.28
17778.0,297,1,197.70000000000002,214,10,197.70000000000002
17780.0,303,3,346.56,156,76,115.52
17782.0,18,2,679.02,538,29,339.51
17783.0,148,1,93.49,84,24,93.49
17784.0,186,1,112.86,72,19,112.86
17785.0,81,2,271.44,160,38,135.72
17787.0,7,1,736.28,356,30,736.28
17789.0,297,1,171.25,125,13,171.25
17790.0,14,6,815.11,552,87,135.85166666666666
17792.0,103,2,368.35,149,45,184.175
17794.0,322,2,147.3,46,7,73.65
17796.0,5,4,661.04,199,119,165.26
17797.0,31,5,1191.44,588,131,238.288
17798.0,217,1,178.07,138,43,178.07
17799.0,25,10,3207.76,1921,308,320.776
17801.0,87,3,770.03,820,66,256.6766666666667
17802.0,8,8,3761.38,2028,246,470.1725
17803.0,28,1,184.66,98,27,184.66
17804.0,12,3,383.78000000000003,194,82,127.92666666666668
17805.0,246,1,414.72,648,1,414.72
17807.0,31,3,437.87,262,88,145.95666666666668
17808.0,184,4,262.64,143,29,65.66
17809.0,7,11,5925.4800000000005,1296,29,538.6800000000001
17810.0,304,2,373.16,118,51,186.58
17811.0,10,8,1757.98,1132,253,219.7475
17812.0,4,4,405.48,242,79,101.37
17814.0,11,2,1609.37,1435,112,804.685
17815.0,29,1,591.96,612,13,591.96
17816.0,1,3,75.76,66,35,25.253333333333334
17817.0,14,3,400.46999999999997,286,87,133.48999999999998
17818.0,373,1,124.78,86,42,124.78
17819.0,7,6,2907.65,818,45,484.60833333333335
17820.0,10,1,180.60999999999999,111,39,180.60999999999999
17821.0,42,1,334.62,162,6,334.62
17822.0,56,5,2162.93,1375,152,432.58599999999996
17823.0,57,2,449.25,252,88,224.625
17825.0,234,4,701.96,516,24,175.49
17826.0,10,1,133.34,84,33,133.34
17827.0,257,1,388.84,342,65,388.84
17829.0,45,4,3867.5,2513,121,966.875
17833.0,359,1,338.46000000000004,143,28,338.46000000000004
17834.0,50,2,689.6700000000001,639,54,344.83500000000004
17838.0,1,10,3786.7000000000003,2192,87,378.67
17840.0,79,1,175.9,128,44,175.9
17841.0,1,91,29562.02,14332,1509,324.85736263736266
17842.0,238,1,430.69,89,18,430.69
17843.0,47,1,114.92,138,22,114.92
17845.0,191,4,596.09,195,42,149.0225
17847.0,151,2,129.69,29,9,64.845
17848.0,53,21,2657.91,1006,76,126.56714285714285
17849.0,116,4,457.96000000000004,110,18,114.49000000000001
17850.0,8,155,51208.87,21052,100,330.3798064516129
17851.0,58,6,1552.35,933,185,258.72499999999997
17852.0,24,3,543.47,319,62,181.15666666666667
17853.0,43,3,1596.29,625,84,532.0966666666667
17854.0,98,4,757.24,523,98,189.31
17855.0,8,1,208.97,197,17,208.97
17857.0,1,2,1803.2,2804,6,901.6
17858.0,5,19,7614.24,2764,102,400.7494736842105
17860.0,4,4,717.39,696,127,179.3475
17861.0,21,10,2990.41,2556,211,299.041
17862.0,21,3,923.99,340,83,307.99666666666667
17863.0,5,7,2585.2,2314,84,369.3142857142857
17864.0,21,2,321.72,309,37,160.86
17865.0,11,26,15785.87,7193,288,607.1488461538462
17866.0,120,2,805.3000000000001,361,15,402.65000000000003
17867.0,46,9,424.18,130,58,47.13111111111111
17868.0,22,1,227.15,85,18,227.15
17869.0,4,3,599.78,447,53,199.92666666666665
17870.0,2,2,1213.8,476,2,606.9
17871.0,33,4,913.05,483,58,228.2625
17872.0,17,1,235.87,176,15,235.87
17873.0,9,14,4621.32,3241,61,330.0942857142857
17875.0,324,1,167.1,98,25,167.1
17876.0,35,3,3424.02,1958,3,1141.34
17878.0,31,2,999.48,613,56,499.74
17880.0,275,2,366.0,152,19,183.0
17882.0,15,2,291.56,130,47,145.78
17883.0,175,3,324.08,102,30,108.02666666666666
17884.0,4,18,2325.92,2167,274,129.21777777777777
17886.0,73,3,703.27,242,56,234.42333333333332
17888.0,10,17,1091.44,563,88,64.20235294117647
17889.0,10,5,545.05,326,80,109.00999999999999
17894.0,2,11,1292.39,573,135,117.49000000000001
17897.0,3,8,1968.75,793,175,246.09375
17898.0,88,2,147.12,61,22,73.56
17901.0,157,2,149.7,14,3,74.85
17902.0,182,1,216.39999999999998,526,24,216.39999999999998
17903.0,30,1,381.09000000000003,142,44,381.09000000000003
17905.0,9,10,1580.3799999999999,964,118,158.03799999999998
17907.0,276,1,291.76,1046,13,291.76
17908.0,9,5,1142.47,670,178,228.494
17909.0,373,1,110.05,35,8,110.05
17910.0,362,1,261.7,121,25,261.7
17912.0,11,1,64.49,31,13,64.49
17913.0,36,12,3020.64,1437,200,251.72
17915.0,187,1,225.78,184,27,225.78
17916.0,264,2,43.87,90,15,21.935
17918.0,136,3,396.39,352,34,132.13
17919.0,74,1,536.28,696,17,536.28
17920.0,4,39,20137.24,10071,457,516.3394871794873
17921.0,15,6,1574.13,566,148,262.355
17922.0,179,1,170.4,49,8,170.4
17923.0,163,2,289.5,90,2,144.75
17924.0,9,2,574.2,108,3,287.1
17925.0,8,1,244.08,72,1,244.08
17926.0,80,3,638.2,266,16,212.73333333333335
17927.0,357,1,294.0,108,10,294.0
17928.0,207,1,128.7,82,4,128.7
17929.0,23,8,2239.1,326,5,279.8875
17930.0,29,8,2534.74,2201,22,316.8425
17931.0,33,12,2993.88,1670,222,249.49
17933.0,268,1,114.69,63,12,114.69
17934.0,42,1,344.90000000000003,150,20,344.90000000000003
17935.0,36,5,540.35,162,33,108.07000000000001
17938.0,56,1,144.29,53,29,144.29
17940.0,81,6,26286.75,75825,9,4381.125
17941.0,226,3,1128.72,856,3,376.24
17944.0,59,1,74.99,84,24,74.99
17945.0,332,3,360.35,244,66,120.11666666666667
17949.0,7,74,60117.6,30112,34,812.4
17950.0,1,6,947.26,479,110,157.87666666666667
17951.0,9,2,627.5400000000001,282,11,313.77000000000004
17952.0,14,4,788.46,477,85,197.115
17953.0,176,1,159.17000000000002,98,20,159.17000000000002
17954.0,3,9,1618.93,1021,238,179.88111111111112
17955.0,291,2,392.6,408,2,196.3
17958.0,364,1,465.42,200,29,465.42
17959.0,228,1,140.75,49,2,140.75
17960.0,158,2,61.300000000000004,19,11,30.650000000000002
17961.0,8,62,1697.85,976,342,27.384677419354837
17962.0,185,3,564.55,506,126,188.1833333333333
17963.0,107,4,643.16,341,98,160.79
17964.0,8,1,261.76,195,35,261.76
17965.0,1,17,4558.01,2908,396,268.11823529411765
17966.0,227,5,865.49,1347,33,173.098
17967.0,7,2,223.42,111,59,111.71
17968.0,9,4,590.4399999999999,352,106,147.60999999999999
17969.0,138,18,2126.09,862,103,118.11611111111112
17971.0,184,1,161.94,62,21,161.94
17974.0,17,3,1035.1,689,161,345.0333333333333
17975.0,2,12,2527.17,700,84,210.5975
17976.0,8,1,321.79,93,56,321.79
17977.0,36,1,1223.31,1606,83,1223.31
17978.0,1,4,1159.99,1297,62,289.9975
17980.0,29,1,201.27,89,27,201.27
17981.0,46,1,239.12,260,17,239.12
17982.0,316,1,138.18,117,13,138.18
17983.0,31,1,171.71,108,23,171.71
17984.0,28,4,999.51,841,165,249.8775
17987.0,12,4,766.87,720,132,191.7175
17988.0,123,7,288.42,143,81,41.20285714285715
17989.0,15,1,207.32999999999998,300,26,207.32999999999998
17990.0,16,3,896.77,363,23,298.92333333333335
17991.0,227,1,206.95,68,33,206.95
17992.0,25,1,252.88,130,49,252.88
17993.0,253,1,225.99,108,60,225.99
17994.0,24,7,1595.1399999999999,1686,185,227.87714285714284
17995.0,18,2,419.38,130,26,209.69
17996.0,15,3,482.33,587,63,160.77666666666667
17998.0,16,3,639.24,561,57,213.08
17999.0,2,2,338.41,161,77,169.205
18000.0,200,1,124.25,109,6,124.25
18001.0,85,4,509.01,512,69,127.2525
18002.0,11,4,244.37,71,52,61.0925
18003.0,12,1,353.51,297,23,353.51
18006.0,17,3,524.83,175,36,174.94333333333336
18007.0,28,1,215.22,246,46,215.22
18008.0,51,14,17642.89,6244,54,1260.2064285714284
18009.0,178,7,1896.84,526,122,270.97714285714284
18011.0,9,2,410.79,125,63,205.395
18012.0,359,1,115.3,63,13,115.3
18016.0,46,2,476.90000000000003,180,44,238.45000000000002
18017.0,67,1,165.0,100,1,165.0
18018.0,35,2,175.85,131,14,87.925
18020.0,179,1,190.48000000000002,67,12,190.48000000000002
18021.0,145,2,216.41,168,32,108.205
18022.0,21,4,894.53,608,203,223.6325
18025.0,15,6,1177.72,1053,83,196.28666666666666
18026.0,136,2,2074.07,530,12,1037.035
18028.0,219,1,192.05,133,4,192.05
18029.0,278,1,433.77,253,18,433.77
18031.0,14,1,451.3,298,49,451.3
18034.0,11,1,335.52,392,97,335.52
18035.0,21,2,546.34,550,8,273.17
18036.0,21,8,1142.37,509,171,142.79625
18037.0,57,9,97.39999999999999,17,13,10.822222222222221
18038.0,192,1,141.48,80,25,141.48
18039.0,10,4,548.22,555,137,137.055
18041.0,1,20,4536.29,4026,315,226.8145
18042.0,177,1,116.1,36,9,116.1
18043.0,2,1,287.91,157,59,287.91
18044.0,23,8,1417.01,565,60,177.12625
18046.0,285,1,189.63,44,26,189.63
18047.0,17,2,326.09,130,74,163.045
18048.0,129,1,222.64,129,51,222.64
18049.0,73,2,500.92,402,82,250.46
18050.0,29,1,337.66,210,18,337.66
18051.0,270,7,2282.28,1661,41,326.04
18052.0,200,1,10877.18,17766,16,10877.18
18053.0,161,2,271.05,107,12,135.525
18054.0,28,1,176.5,96,11,176.5
18055.0,3,6,4381.78,1376,166,730.2966666666666
18056.0,254,1,190.95,123,11,190.95
18057.0,29,3,1188.46,970,121,396.15333333333336
18058.0,177,2,603.9,306,11,301.95
18060.0,44,2,1185.46,902,74,592.73
18061.0,2,19,4369.56,2652,23,229.9768421052632
18062.0,22,3,912.15,435,25,304.05
18063.0,26,2,186.60000000000002,48,2,93.30000000000001
18064.0,82,9,3667.83,2301,47,407.53666666666663
18065.0,24,15,3473.8,1238,127,231.58666666666667
18066.0,22,2,1122.4,427,35,561.2
18069.0,19,6,2455.68,1872,385,409.28
18070.0,305,1,314.1,86,9,314.1
18071.0,1,5,975.63,575,45,195.126
18074.0,9,2,1019.44,361,37,509.72
18075.0,10,10,3171.54,1817,116,317.154
18076.0,16,1,151.49,164,8,151.49
18077.0,2,8,1699.25,1352,75,212.40625
18078.0,61,2,389.40000000000003,225,43,194.70000000000002
18079.0,127,1,590.78,1383,13,590.78
18083.0,33,1,463.53,268,36,463.53
18084.0,19,2,704.75,443,6,352.375
18085.0,9,3,955.8000000000001,320,33,318.6
18087.0,15,15,10705.8,3868,42,713.7199999999999
18089.0,82,1,428.45,95,9,428.45
18090.0,57,1,321.9,307,47,321.9
18091.0,229,1,360.85,539,25,360.85
18092.0,1,8,7111.18,4578,25,888.8975
18093.0,80,4,2346.19,2037,20,586.5475
18094.0,82,6,3374.2200000000003,1646,36,562.37
18095.0,63,3,1723.04,1204,22,574.3466666666667
18096.0,78,3,808.81,621,154,269.6033333333333
18097.0,21,5,1965.52,1054,30,393.104
18098.0,32,1,527.94,215,85,527.94
18100.0,186,1,451.56,440,30,451.56
18101.0,10,3,399.61,160,62,133.20333333333335
18102.0,1,89,349164.35,124216,281,3923.1949438202246
18103.0,185,1,105.8,23,10,105.8
18106.0,112,5,1019.16,380,112,203.832
18107.0,78,1,165.88,65,38,165.88
18108.0,232,2,577.8100000000001,177,29,288.90500000000003
18109.0,5,13,1828.24,647,125,140.63384615384615
18110.0,47,1,193.48000000000002,97,29,193.48000000000002
18111.0,225,1,405.85,232,27,405.85
18112.0,54,2,420.67,188,34,210.335
18113.0,4,1,76.32000000000001,72,1,76.32000000000001
18115.0,333,1,9.700000000000001,3,3,9.700000000000001
18116.0,12,5,731.38,430,142,146.276
18118.0,5,4,1068.05,530,184,267.0125
18119.0,3,1,180.7,124,29,180.7
18123.0,149,1,92.2,34,22,92.2
18124.0,108,1,102.65,47,20,102.65
18127.0,39,1,209.05,63,21,209.05
18128.0,173,1,399.29,216,42,399.29
18131.0,267,1,222.95999999999998,552,4,222.95999999999998
18132.0,140,1,220.13,212,60,220.13
18134.0,234,2,445.0,128,27,222.5
18135.0,28,5,567.71,404,16,113.542
18136.0,45,2,847.03,481,47,423.515
18137.0,187,2,145.99,59,26,72.995
18140.0,109,1,536.41,395,49,536.41
18141.0,37,2,882.47,433,38,441.235
18144.0,9,8,2169.25,896,36,271.15625
18145.0,18,7,2748.19,2479,130,392.59857142857146
18148.0,282,1,112.85000000000001,63,9,112.85000000000001
18149.0,40,4,941.88,559,52,235.47
18151.0,56,4,1226.09,631,65,306.5225
18152.0,282,1,426.69,75,10,426.69
18153.0,295,1,246.22,200,17,246.22
18154.0,24,3,533.41,371,22,177.8033333333333
18156.0,5,1,186.88,68,50,186.88
18157.0,207,1,213.9,145,25,213.9
18160.0,22,1,365.82,225,26,365.82
18161.0,15,1,184.41,153,13,184.41
18162.0,368,1,371.51,332,45,371.51
18163.0,220,1,728.84,452,33,728.84
18166.0,259,1,175.5,90,10,175.5
18168.0,8,11,2538.7599999999998,1536,167,230.79636363636362
18170.0,10,6,1897.69,775,49,316.2816666666667
18171.0,106,4,1206.0,510,34,301.5
18172.0,23,32,9905.56,4223,125,309.54875
18173.0,248,1,589.52,510,14,589.52
18174.0,239,1,58.5,30,1,58.5
18175.0,311,1,176.1,70,7,176.1
18177.0,196,3,875.45,529,23,291.81666666666666
18178.0,38,7,4512.93,2867,164,644.7042857142858
18179.0,158,2,754.38,451,19,377.19
18181.0,36,4,821.49,377,119,205.3725
18182.0,99,1,291.13,167,10,291.13
18186.0,358,1,329.58,338,11,329.58
18187.0,267,1,724.89,310,48,724.89
18188.0,66,3,1279.55,720,55,426.51666666666665
18189.0,261,1,313.49,270,18,313.49
18190.0,239,3,461.16,350,23,153.72
18191.0,113,1,321.59999999999997,192,8,321.59999999999997
18193.0,16,2,963.59,802,50,481.795
18194.0,74,5,3188.2000000000003,1142,16,637.6400000000001
18195.0,23,1,101.16,60,5,101.16
18196.0,107,2,770.56,607,112,385.28
18197.0,211,1,230.1,166,9,230.1
18199.0,319,1,344.75,99,20,344.75
18201.0,358,1,447.53000000000003,191,27,447.53000000000003
18203.0,17,3,332.1,68,30,110.7
18206.0,189,1,314.65999999999997,246,19,314.65999999999997
18207.0,135,1,544.47,325,31,544.47
18208.0,201,1,360.08,82,17,360.08
18210.0,18,1,147.45,101,10,147.45
18212.0,313,1,298.3,66,12,298.3
18214.0,166,4,1780.34,989,38,445.085
18215.0,73,4,1933.15,1013,49,483.2875
18217.0,149,2,323.29,249,7,161.645
18218.0,232,2,479.91999999999996,492,16,239.95999999999998
18219.0,4,8,1493.1200000000001,768,54,186.64000000000001
18220.0,30,5,1616.48,1064,17,323.296
18221.0,26,1,383.33,209,20,383.33
18223.0,23,12,7516.31,3696,129,626.3591666666667
18225.0,1,15,7539.84,4056,179,502.656
18226.0,14,15,6650.83,4417,204,443.38866666666667
18227.0,120,1,295.0,1,1,295.0
18229.0,2,10,3526.81,695,24,352.681
18230.0,14,2,1480.8600000000001,680,42,740.4300000000001
18231.0,42,23,4782.400000000001,2096,149,207.93043478260873
18234.0,187,1,179.6,80,30,179.6
18236.0,24,6,913.11,293,43,152.185
18238.0,151,1,270.92,114,14,270.92
18239.0,8,2,588.75,257,35,294.375
18241.0,51,4,913.9,420,42,228.475
18242.0,81,4,1372.72,1004,46,343.18
18243.0,50,1,515.78,221,26,515.78
18244.0,66,2,568.64,856,19,284.32
18245.0,15,13,3757.92,3310,220,289.07076923076926
18246.0,245,1,162.72,48,1,162.72
18247.0,50,3,839.73,335,28,279.91
18251.0,81,8,21964.14,31815,77,2745.5175
18252.0,184,5,1015.42,698,35,203.084
18253.0,278,1,317.88,128,7,317.88
18254.0,217,1,267.9,188,16,267.9
18255.0,92,1,199.85,127,13,199.85
18256.0,23,1,110.7,180,10,110.7
18257.0,82,4,2262.52,1328,134,565.63
18258.0,100,6,2059.67,1981,30,343.27833333333336
18259.0,2,5,1979.6000000000001,676,36,395.92
18260.0,10,17,7318.91,3769,169,430.5241176470588
18262.0,29,2,428.06,370,27,214.03
18264.0,134,1,603.25,241,36,603.25
18266.0,70,1,251.1,138,14,251.1
18267.0,308,1,269.37,135,17,269.37
18268.0,227,5,1464.73,709,36,292.946
18269.0,2,1,168.6,76,7,168.6
18270.0,68,1,161.4,108,6,161.4
18271.0,245,2,680.85,319,19,340.425
18272.0,184,3,1307.4,830,50,435.8
18273.0,226,1,153.0,60,1,153.0
18275.0,214,2,741.85,417,19,370.925
18276.0,28,5,1320.66,1060,69,264.132
18277.0,33,4,1069.67,381,48,267.4175
18278.0,40,1,240.3,74,15,240.3
18279.0,155,1,231.33999999999997,630,13,231.33999999999997
18280.0,30,1,307.55,149,20,307.55
18281.0,213,1,120.32,92,10,120.32
18283.0,18,6,619.37,322,158,103.22833333333334
18284.0,67,1,461.68,494,28,461.68
18285.0,296,1,427.0,145,12,427.0
18286.0,112,2,1296.43,608,67,648.215
18287.0,18,4,2345.71,1427,77,586.4275
